Platform,Product,Price Current (SAR),Price Original (SAR),Discount %,Price Raw,Link
Amazon,"HP Mobile Workstation ZBook Firefly 14 G8 Laptop, 14"" FHD Laptop, Quad-Core i5-1135G7, 16GB RAM, 512GB SSD, Backlit Keyboard, Windows 11 Pro(Renewed)","25,000
.",,,"25,000
.",https://www.amazon.eg/-/en/sspa/click?ie=UTF8&spc=MTo4NjA4NDk1MjU2OTg1ODQ2OjE3NzExNDc0NjM6c3BfYXRmOjMwMDg1ODcwMzA3NTEzMjo6MDo6&url=%2FHP-Workstation-ZBook-Firefly-14%2Fdp%2FB0DY7LWSFG%2Fref%3Dsr_1_1_sspa%3Fdib%3DeyJ2IjoiMSJ9.yaoaIgJ9SjPUDLMU1KuLa7JdoHT8gAgVOxnvbfpEi3-5XMmrt9vKYbqqp-pCmCy7TK79lzhGqHYCJvyGVZ0lixM7-2FVW6rB7CuSYdkeZo4tXRwYblhNnBVDFonSt6JcAqSOI-MQ2lDAHj8uhVLCvxe4MG59TsodOga0_lIFaVcPIZn7LhPrII9dJibTMKEwNZulQKUs-y8OIIye8Wxe41Dfzx3CQCg3PtMlapSzSA6bwU6agHoUDBB-hHt14T-T680jx2XR2PEHPo7-mVEVsTeAGDqPorUuDJHR7SPrOBM.ZTDllIa3AswaIv6JKsARsNihxhb2OAJ5AwIZdUY_Hrc%26dib_tag%3Dse%26keywords%3Dlaptop%26qid%3D1771147463%26sr%3D8-1-spons%26aref%3DCX3soB16ki%26sp_csd%3Dd2lkZ2V0TmFtZT1zcF9hdGY%26psc%3D1&aref=CX3soB16ki&sp_cr=DUB
Amazon,"Dell Latitude 5420 Business Laptop, 14"" FHD Display (1920 x 1080), Intel i5-1145G7, 16GB RAM, 512GB SSD, US Keyboard, Windows 10 Pro (Renewed)","23,000
.",,,"23,000
.",https://www.amazon.eg/-/en/sspa/click?ie=UTF8&spc=MTo4NjA4NDk1MjU2OTg1ODQ2OjE3NzExNDc0NjM6c3BfYXRmOjMwMDg4MzM5MDcwNjgzMjo6MDo6&url=%2FDell-Latitude-5420-Business-i5-1145G7%2Fdp%2FB0DHXLL87Z%2Fref%3Dsr_1_2_sspa%3Fdib%3DeyJ2IjoiMSJ9.yaoaIgJ9SjPUDLMU1KuLa7JdoHT8gAgVOxnvbfpEi3-5XMmrt9vKYbqqp-pCmCy7TK79lzhGqHYCJvyGVZ0lixM7-2FVW6rB7CuSYdkeZo4tXRwYblhNnBVDFonSt6JcAqSOI-MQ2lDAHj8uhVLCvxe4MG59TsodOga0_lIFaVcPIZn7LhPrII9dJibTMKEwNZulQKUs-y8OIIye8Wxe41Dfzx3CQCg3PtMlapSzSA6bwU6agHoUDBB-hHt14T-T680jx2XR2PEHPo7-mVEVsTeAGDqPorUuDJHR7SPrOBM.ZTDllIa3AswaIv6JKsARsNihxhb2OAJ5AwIZdUY_Hrc%26dib_tag%3Dse%26keywords%3Dlaptop%26qid%3D1771147463%26sr%3D8-2-spons%26aref%3D3zsu0Wi8ZT%26sp_csd%3Dd2lkZ2V0TmFtZT1zcF9hdGY%26psc%3D1&aref=3zsu0Wi8ZT&sp_cr=DUB
Amazon,Smart Buy ZBOOK Firefly 14 G8 I5-1135G7 16GB 256GB 14IN Windows 10 Professional 64B,"23,000
.",,,"23,000
.",https://www.amazon.eg/-/en/sspa/click?ie=UTF8&spc=MTo4NjA4NDk1MjU2OTg1ODQ2OjE3NzExNDc0NjM6c3BfYXRmOjMwMDg1ODcwMzA3NDkzMjo6MDo6&url=%2FSmart-Firefly-I5-1135G7-Windows-Professional%2Fdp%2FB08X4PC711%2Fref%3Dsr_1_3_sspa%3Fdib%3DeyJ2IjoiMSJ9.yaoaIgJ9SjPUDLMU1KuLa7JdoHT8gAgVOxnvbfpEi3-5XMmrt9vKYbqqp-pCmCy7TK79lzhGqHYCJvyGVZ0lixM7-2FVW6rB7CuSYdkeZo4tXRwYblhNnBVDFonSt6JcAqSOI-MQ2lDAHj8uhVLCvxe4MG59TsodOga0_lIFaVcPIZn7LhPrII9dJibTMKEwNZulQKUs-y8OIIye8Wxe41Dfzx3CQCg3PtMlapSzSA6bwU6agHoUDBB-hHt14T-T680jx2XR2PEHPo7-mVEVsTeAGDqPorUuDJHR7SPrOBM.ZTDllIa3AswaIv6JKsARsNihxhb2OAJ5AwIZdUY_Hrc%26dib_tag%3Dse%26keywords%3Dlaptop%26qid%3D1771147463%26sr%3D8-3-spons%26aref%3DcbNRSQuq9g%26sp_csd%3Dd2lkZ2V0TmFtZT1zcF9hdGY%26psc%3D1&aref=cbNRSQuq9g&sp_cr=DUB
Amazon,Smart Buy ZBOOK Firefly 14 G8 I5-1145G7 16GB 256GB 14IN Windows 10 Professional 64B,"23,000
.",,,"23,000
.",https://www.amazon.eg/-/en/sspa/click?ie=UTF8&spc=MTo4NjA4NDk1MjU2OTg1ODQ2OjE3NzExNDc0NjM6c3BfYXRmOjMwMDg1ODcwMzA3NTAzMjo6MDo6&url=%2FSmart-Firefly-I5-1145G7-Windows-Professional%2Fdp%2FB08X4PNRYY%2Fref%3Dsr_1_4_sspa%3Fdib%3DeyJ2IjoiMSJ9.yaoaIgJ9SjPUDLMU1KuLa7JdoHT8gAgVOxnvbfpEi3-5XMmrt9vKYbqqp-pCmCy7TK79lzhGqHYCJvyGVZ0lixM7-2FVW6rB7CuSYdkeZo4tXRwYblhNnBVDFonSt6JcAqSOI-MQ2lDAHj8uhVLCvxe4MG59TsodOga0_lIFaVcPIZn7LhPrII9dJibTMKEwNZulQKUs-y8OIIye8Wxe41Dfzx3CQCg3PtMlapSzSA6bwU6agHoUDBB-hHt14T-T680jx2XR2PEHPo7-mVEVsTeAGDqPorUuDJHR7SPrOBM.ZTDllIa3AswaIv6JKsARsNihxhb2OAJ5AwIZdUY_Hrc%26dib_tag%3Dse%26keywords%3Dlaptop%26qid%3D1771147463%26sr%3D8-4-spons%26aref%3DLtniAlZFEY%26sp_csd%3Dd2lkZ2V0TmFtZT1zcF9hdGY%26psc%3D1&aref=LtniAlZFEY&sp_cr=DUB
Amazon,"Dell Latitude 2in1 Laptop 5320, 13.3in FHD(1920x1080) Laptop Touchscreen 5320, Quad Core i5-11th, 8GB RAM, 256GB SSD, Win11 Pro(Renewed)","14,999
.",,,"14,999
.",https://www.amazon.eg/-/en/Dell-Latitude-1920x1080-Touchscreen-i5-11th/dp/B0DY7K98PY/ref=sr_1_5?dib=eyJ2IjoiMSJ9.yaoaIgJ9SjPUDLMU1KuLa7JdoHT8gAgVOxnvbfpEi3-5XMmrt9vKYbqqp-pCmCy7TK79lzhGqHYCJvyGVZ0lixM7-2FVW6rB7CuSYdkeZo4tXRwYblhNnBVDFonSt6JcAqSOI-MQ2lDAHj8uhVLCvxe4MG59TsodOga0_lIFaVcPIZn7LhPrII9dJibTMKEwNZulQKUs-y8OIIye8Wxe41Dfzx3CQCg3PtMlapSzSA6bwU6agHoUDBB-hHt14T-T680jx2XR2PEHPo7-mVEVsTeAGDqPorUuDJHR7SPrOBM.ZTDllIa3AswaIv6JKsARsNihxhb2OAJ5AwIZdUY_Hrc&dib_tag=se&keywords=laptop&qid=1771147463&sr=8-5
Amazon,"EliteBook 845 G7 Laptop, 14"" FHD Display, AMD Ryzen 5 3500U Processor, 8GB RAM, 256GB SSD, Windows 10 Pro – Imported in Good Condition with Gift Laptop Bag","14,000
.",,,"14,000
.",https://www.amazon.eg/-/en/EliteBook-Laptop-Display-Processor-Windows/dp/B0FDG9YH81/ref=sr_1_6?dib=eyJ2IjoiMSJ9.yaoaIgJ9SjPUDLMU1KuLa7JdoHT8gAgVOxnvbfpEi3-5XMmrt9vKYbqqp-pCmCy7TK79lzhGqHYCJvyGVZ0lixM7-2FVW6rB7CuSYdkeZo4tXRwYblhNnBVDFonSt6JcAqSOI-MQ2lDAHj8uhVLCvxe4MG59TsodOga0_lIFaVcPIZn7LhPrII9dJibTMKEwNZulQKUs-y8OIIye8Wxe41Dfzx3CQCg3PtMlapSzSA6bwU6agHoUDBB-hHt14T-T680jx2XR2PEHPo7-mVEVsTeAGDqPorUuDJHR7SPrOBM.ZTDllIa3AswaIv6JKsARsNihxhb2OAJ5AwIZdUY_Hrc&dib_tag=se&keywords=laptop&qid=1771147463&sr=8-6
Amazon,"MSI Thin 15 B12UCX|i5-12450H| RTX 2050 4GB| 8GB RAM DDR4 3200Mhz | 512GB NVMe Gen4x4| 15.6"" IPS FHD 144Hz 45% NTSC Display| Blue Backlit Gaming Keyboard| DOS| Cosmos Gray| 2 Years Local Warranty","28,350
.",,,"28,350
.",https://www.amazon.eg/-/en/MSI-i5-12450H-3200Mhz-Keyboard-Warranty/dp/B0DQCLL1JR/ref=sr_1_7?dib=eyJ2IjoiMSJ9.yaoaIgJ9SjPUDLMU1KuLa7JdoHT8gAgVOxnvbfpEi3-5XMmrt9vKYbqqp-pCmCy7TK79lzhGqHYCJvyGVZ0lixM7-2FVW6rB7CuSYdkeZo4tXRwYblhNnBVDFonSt6JcAqSOI-MQ2lDAHj8uhVLCvxe4MG59TsodOga0_lIFaVcPIZn7LhPrII9dJibTMKEwNZulQKUs-y8OIIye8Wxe41Dfzx3CQCg3PtMlapSzSA6bwU6agHoUDBB-hHt14T-T680jx2XR2PEHPo7-mVEVsTeAGDqPorUuDJHR7SPrOBM.ZTDllIa3AswaIv6JKsARsNihxhb2OAJ5AwIZdUY_Hrc&dib_tag=se&keywords=laptop&qid=1771147463&sr=8-7
Amazon,"Dell Latitude 5410 14"" FHD Business Laptop, Intel Core i5-10310U, 16GB RAM, 512GB SSD, US Keyboard, Windows 10 Pro (Renewed)","18,699
.",,,"18,699
.",https://www.amazon.eg/-/en/Dell-Latitude-5410-Business-i5-10310U/dp/B0CZRCHG8Q/ref=sr_1_8?dib=eyJ2IjoiMSJ9.yaoaIgJ9SjPUDLMU1KuLa7JdoHT8gAgVOxnvbfpEi3-5XMmrt9vKYbqqp-pCmCy7TK79lzhGqHYCJvyGVZ0lixM7-2FVW6rB7CuSYdkeZo4tXRwYblhNnBVDFonSt6JcAqSOI-MQ2lDAHj8uhVLCvxe4MG59TsodOga0_lIFaVcPIZn7LhPrII9dJibTMKEwNZulQKUs-y8OIIye8Wxe41Dfzx3CQCg3PtMlapSzSA6bwU6agHoUDBB-hHt14T-T680jx2XR2PEHPo7-mVEVsTeAGDqPorUuDJHR7SPrOBM.ZTDllIa3AswaIv6JKsARsNihxhb2OAJ5AwIZdUY_Hrc&dib_tag=se&keywords=laptop&qid=1771147463&sr=8-8
Amazon,"HP Victus Gaming Laptop 15.6"" Core i5 8GB 512GB Silver 15-fa2013dx","30,999
.",,,"30,999
.",https://www.amazon.eg/-/en/HP-Victus-Gaming-Laptop-15-fa2013dx/dp/B0FDSCTCNF/ref=sr_1_9?dib=eyJ2IjoiMSJ9.yaoaIgJ9SjPUDLMU1KuLa7JdoHT8gAgVOxnvbfpEi3-5XMmrt9vKYbqqp-pCmCy7TK79lzhGqHYCJvyGVZ0lixM7-2FVW6rB7CuSYdkeZo4tXRwYblhNnBVDFonSt6JcAqSOI-MQ2lDAHj8uhVLCvxe4MG59TsodOga0_lIFaVcPIZn7LhPrII9dJibTMKEwNZulQKUs-y8OIIye8Wxe41Dfzx3CQCg3PtMlapSzSA6bwU6agHoUDBB-hHt14T-T680jx2XR2PEHPo7-mVEVsTeAGDqPorUuDJHR7SPrOBM.ZTDllIa3AswaIv6JKsARsNihxhb2OAJ5AwIZdUY_Hrc&dib_tag=se&keywords=laptop&qid=1771147463&sr=8-9
Amazon,"2017 Light Laptop, i5 - Powerful 5th Generation Processor, 13.3 Inch - 8 RAM - 128GB SSD - Backlit - Fast Operating System - Used in Premium Condition","13,000
.",,,"13,000
.",https://www.amazon.eg/-/en/2017-Light-Laptop-Generation-Processor/dp/B0FD7WBYJ9/ref=sr_1_10?dib=eyJ2IjoiMSJ9.yaoaIgJ9SjPUDLMU1KuLa7JdoHT8gAgVOxnvbfpEi3-5XMmrt9vKYbqqp-pCmCy7TK79lzhGqHYCJvyGVZ0lixM7-2FVW6rB7CuSYdkeZo4tXRwYblhNnBVDFonSt6JcAqSOI-MQ2lDAHj8uhVLCvxe4MG59TsodOga0_lIFaVcPIZn7LhPrII9dJibTMKEwNZulQKUs-y8OIIye8Wxe41Dfzx3CQCg3PtMlapSzSA6bwU6agHoUDBB-hHt14T-T680jx2XR2PEHPo7-mVEVsTeAGDqPorUuDJHR7SPrOBM.ZTDllIa3AswaIv6JKsARsNihxhb2OAJ5AwIZdUY_Hrc&dib_tag=se&keywords=laptop&qid=1771147463&sr=8-10
Amazon,"Lenovo LOQ 15IRX10 Gaming Laptop, Intel Core i7-13700HX, 16GB RAM, 512GB SSD, RTX 5060 8GB, 15.6"" FHD 144Hz, G-SYNC, DOS, Luna Grey / 2 Years Warranty - 83JE010JED","55,888
.",,,"55,888
.",https://www.amazon.eg/-/en/Lenovo-15IRX10-Gaming-i7-13700HX-Warranty/dp/B0G43P1GX2/ref=sr_1_11?dib=eyJ2IjoiMSJ9.yaoaIgJ9SjPUDLMU1KuLa7JdoHT8gAgVOxnvbfpEi3-5XMmrt9vKYbqqp-pCmCy7TK79lzhGqHYCJvyGVZ0lixM7-2FVW6rB7CuSYdkeZo4tXRwYblhNnBVDFonSt6JcAqSOI-MQ2lDAHj8uhVLCvxe4MG59TsodOga0_lIFaVcPIZn7LhPrII9dJibTMKEwNZulQKUs-y8OIIye8Wxe41Dfzx3CQCg3PtMlapSzSA6bwU6agHoUDBB-hHt14T-T680jx2XR2PEHPo7-mVEVsTeAGDqPorUuDJHR7SPrOBM.ZTDllIa3AswaIv6JKsARsNihxhb2OAJ5AwIZdUY_Hrc&dib_tag=se&keywords=laptop&qid=1771147463&sr=8-11
Amazon,"Laptop HP ProBook 460, Intel Core Ultra 5 125U, 16-inch, 8GB DDR5 RAM, 512GB SSD, FreeDOS","30,666
.",,,"30,666
.",https://www.amazon.eg/-/en/Laptop-HP-ProBook-16-inch-FreeDOS/dp/B0GC1VT5YS/ref=sr_1_12?dib=eyJ2IjoiMSJ9.yaoaIgJ9SjPUDLMU1KuLa7JdoHT8gAgVOxnvbfpEi3-5XMmrt9vKYbqqp-pCmCy7TK79lzhGqHYCJvyGVZ0lixM7-2FVW6rB7CuSYdkeZo4tXRwYblhNnBVDFonSt6JcAqSOI-MQ2lDAHj8uhVLCvxe4MG59TsodOga0_lIFaVcPIZn7LhPrII9dJibTMKEwNZulQKUs-y8OIIye8Wxe41Dfzx3CQCg3PtMlapSzSA6bwU6agHoUDBB-hHt14T-T680jx2XR2PEHPo7-mVEVsTeAGDqPorUuDJHR7SPrOBM.ZTDllIa3AswaIv6JKsARsNihxhb2OAJ5AwIZdUY_Hrc&dib_tag=se&keywords=laptop&qid=1771147463&sr=8-12
Amazon,"Lenovo LOQ 15IAX9 Gaming Laptop, Intel Core i5 12600HX, 16GB RAM 512GB SSD, RTX 3050 6GB, 15.6"" FHD 144Hz G-SYNC Win11, Grey 2 Years Warranty - 83GS00TYED","35,999
.",,,"35,999
.",https://www.amazon.eg/-/en/Lenovo-15IAX9-Gaming-12600HX-Warranty/dp/B0G3K8RDTM/ref=sr_1_13?dib=eyJ2IjoiMSJ9.yaoaIgJ9SjPUDLMU1KuLa7JdoHT8gAgVOxnvbfpEi3-5XMmrt9vKYbqqp-pCmCy7TK79lzhGqHYCJvyGVZ0lixM7-2FVW6rB7CuSYdkeZo4tXRwYblhNnBVDFonSt6JcAqSOI-MQ2lDAHj8uhVLCvxe4MG59TsodOga0_lIFaVcPIZn7LhPrII9dJibTMKEwNZulQKUs-y8OIIye8Wxe41Dfzx3CQCg3PtMlapSzSA6bwU6agHoUDBB-hHt14T-T680jx2XR2PEHPo7-mVEVsTeAGDqPorUuDJHR7SPrOBM.ZTDllIa3AswaIv6JKsARsNihxhb2OAJ5AwIZdUY_Hrc&dib_tag=se&keywords=laptop&qid=1771147463&sr=8-13
Amazon,"HP OmniBook 3 AI PC15-fn0001ne: Ryzen AI 5 330, 16GB, 512GB-SSD, AMD Radeon 820M, 15.6""-FHD, 300nits, Fullsize backlit + Free Game Pass 3 Months, Windows 11, Silver, 3 Years Warranty","32,999
.",,,"32,999
.",https://www.amazon.eg/-/en/HP-OmniBook-AI-PC15-fn0001ne-512GB-SSD/dp/B0FVWGTYHJ/ref=sr_1_14?dib=eyJ2IjoiMSJ9.yaoaIgJ9SjPUDLMU1KuLa7JdoHT8gAgVOxnvbfpEi3-5XMmrt9vKYbqqp-pCmCy7TK79lzhGqHYCJvyGVZ0lixM7-2FVW6rB7CuSYdkeZo4tXRwYblhNnBVDFonSt6JcAqSOI-MQ2lDAHj8uhVLCvxe4MG59TsodOga0_lIFaVcPIZn7LhPrII9dJibTMKEwNZulQKUs-y8OIIye8Wxe41Dfzx3CQCg3PtMlapSzSA6bwU6agHoUDBB-hHt14T-T680jx2XR2PEHPo7-mVEVsTeAGDqPorUuDJHR7SPrOBM.ZTDllIa3AswaIv6JKsARsNihxhb2OAJ5AwIZdUY_Hrc&dib_tag=se&keywords=laptop&qid=1771147463&sr=8-14
Amazon,"HP Laptop 14-em0025ne: Ryzen 5-7520U, 8GB Ram, 512GB-SSD, AMD Radeon Graphics, 14"" -FHD, 1920x1080, 300nits, Full keyboard, Free Game Pass 3M, Windows 11, Silver, 3 Years Warranty","22,243
.",,,"22,243
.",https://www.amazon.eg/-/en/HP-Laptop-14-em0025ne-512GB-SSD-1920x1080/dp/B0FVWF8M8N/ref=sr_1_15?dib=eyJ2IjoiMSJ9.yaoaIgJ9SjPUDLMU1KuLa7JdoHT8gAgVOxnvbfpEi3-5XMmrt9vKYbqqp-pCmCy7TK79lzhGqHYCJvyGVZ0lixM7-2FVW6rB7CuSYdkeZo4tXRwYblhNnBVDFonSt6JcAqSOI-MQ2lDAHj8uhVLCvxe4MG59TsodOga0_lIFaVcPIZn7LhPrII9dJibTMKEwNZulQKUs-y8OIIye8Wxe41Dfzx3CQCg3PtMlapSzSA6bwU6agHoUDBB-hHt14T-T680jx2XR2PEHPo7-mVEVsTeAGDqPorUuDJHR7SPrOBM.ZTDllIa3AswaIv6JKsARsNihxhb2OAJ5AwIZdUY_Hrc&dib_tag=se&keywords=laptop&qid=1771147463&sr=8-15
Amazon,"Lenovo Loq Essential 15IAX9E Gaming: Ci5-12450HX 16GB 512GB SSD, RTX 4050 6GB 15.6"" FHD-144Hz-300nits, Backlit-A/E KB grey + Loq RGB M100 Mouse","36,836
.",,,"36,836
.",https://www.amazon.eg/-/en/Lenovo-Essential-15IAX9E-Gaming-Backlit/dp/B0FQ2W8KYZ/ref=sr_1_16?dib=eyJ2IjoiMSJ9.yaoaIgJ9SjPUDLMU1KuLa7JdoHT8gAgVOxnvbfpEi3-5XMmrt9vKYbqqp-pCmCy7TK79lzhGqHYCJvyGVZ0lixM7-2FVW6rB7CuSYdkeZo4tXRwYblhNnBVDFonSt6JcAqSOI-MQ2lDAHj8uhVLCvxe4MG59TsodOga0_lIFaVcPIZn7LhPrII9dJibTMKEwNZulQKUs-y8OIIye8Wxe41Dfzx3CQCg3PtMlapSzSA6bwU6agHoUDBB-hHt14T-T680jx2XR2PEHPo7-mVEVsTeAGDqPorUuDJHR7SPrOBM.ZTDllIa3AswaIv6JKsARsNihxhb2OAJ5AwIZdUY_Hrc&dib_tag=se&keywords=laptop&qid=1771147463&sr=8-16
Amazon,"MSI Modern 15 F13MG|i5-1335U| Iris Xe Graphics| 8GB RAM DDR4 3200Mhz| 512GB NVMe Gen4x4| 15.6"" IPS FHD 60Hz 45% NTSC Display|Single backlight Keyboard(White)|DOS|Urban Silver| 2 Years Local Warranty","21,350
.",,,"21,350
.",https://www.amazon.eg/-/en/MSI-i5-1335U-Graphics-backlight-Keyboard/dp/B0DT41C1M7/ref=sr_1_17?dib=eyJ2IjoiMSJ9.yaoaIgJ9SjPUDLMU1KuLa7JdoHT8gAgVOxnvbfpEi3-5XMmrt9vKYbqqp-pCmCy7TK79lzhGqHYCJvyGVZ0lixM7-2FVW6rB7CuSYdkeZo4tXRwYblhNnBVDFonSt6JcAqSOI-MQ2lDAHj8uhVLCvxe4MG59TsodOga0_lIFaVcPIZn7LhPrII9dJibTMKEwNZulQKUs-y8OIIye8Wxe41Dfzx3CQCg3PtMlapSzSA6bwU6agHoUDBB-hHt14T-T680jx2XR2PEHPo7-mVEVsTeAGDqPorUuDJHR7SPrOBM.ZTDllIa3AswaIv6JKsARsNihxhb2OAJ5AwIZdUY_Hrc&dib_tag=se&keywords=laptop&qid=1771147463&sr=8-17
Amazon,"Lenovo Yoga Slim 6, Intel Core i5-1240P, 8GB Soldered LPDDR5-4800, 14"" 2.2K (2240x1400) IPS 300nits Anti-glare, 100% sRGB, 60Hz,512GB SSD,Windows 11 Home(82WU0066ED) 2 Years Local Warranty by Lenovo","33,299
.",,,"33,299
.",https://www.amazon.eg/-/en/Lenovo-LPDDR5-4800-2240x1400-Anti-glare-82WU0066ED/dp/B0CW1CWVQD/ref=sr_1_18?dib=eyJ2IjoiMSJ9.yaoaIgJ9SjPUDLMU1KuLa7JdoHT8gAgVOxnvbfpEi3-5XMmrt9vKYbqqp-pCmCy7TK79lzhGqHYCJvyGVZ0lixM7-2FVW6rB7CuSYdkeZo4tXRwYblhNnBVDFonSt6JcAqSOI-MQ2lDAHj8uhVLCvxe4MG59TsodOga0_lIFaVcPIZn7LhPrII9dJibTMKEwNZulQKUs-y8OIIye8Wxe41Dfzx3CQCg3PtMlapSzSA6bwU6agHoUDBB-hHt14T-T680jx2XR2PEHPo7-mVEVsTeAGDqPorUuDJHR7SPrOBM.ZTDllIa3AswaIv6JKsARsNihxhb2OAJ5AwIZdUY_Hrc&dib_tag=se&keywords=laptop&qid=1771147463&sr=8-18
Amazon,"HP Laptop AI 15-fd2001ne Ultra 7-255U, 16GB Ram, 1TB SSD, Intel Graphics, 15.6""-FHD, Full backlit Keyboard, Free HP 240 BluTooth & Game Pass 3 Months, Windows 11 silver,3 Year Warranty","40,999
.",,,"40,999
.",https://www.amazon.eg/-/en/HP-15-fd2001ne-Graphics-Keyboard-BluTooth/dp/B0FVZD2Y4B/ref=sr_1_19?dib=eyJ2IjoiMSJ9.yaoaIgJ9SjPUDLMU1KuLa7JdoHT8gAgVOxnvbfpEi3-5XMmrt9vKYbqqp-pCmCy7TK79lzhGqHYCJvyGVZ0lixM7-2FVW6rB7CuSYdkeZo4tXRwYblhNnBVDFonSt6JcAqSOI-MQ2lDAHj8uhVLCvxe4MG59TsodOga0_lIFaVcPIZn7LhPrII9dJibTMKEwNZulQKUs-y8OIIye8Wxe41Dfzx3CQCg3PtMlapSzSA6bwU6agHoUDBB-hHt14T-T680jx2XR2PEHPo7-mVEVsTeAGDqPorUuDJHR7SPrOBM.ZTDllIa3AswaIv6JKsARsNihxhb2OAJ5AwIZdUY_Hrc&dib_tag=se&keywords=laptop&qid=1771147463&sr=8-19
Amazon,ASUS TUF F16 [FX608JHR-RV057W] Intel i7-14650HX /16GB DDR5 /512GB SSD/RTX 5050 8GB DDR7 /FHD+ 144Hz /Win 11,"56,999
.",,,"56,999
.",https://www.amazon.eg/-/en/ASUS-FX608JHR-RV057W-Intel-i7-14650HX-512GB/dp/B0G42LRT95/ref=sr_1_20?dib=eyJ2IjoiMSJ9.yaoaIgJ9SjPUDLMU1KuLa7JdoHT8gAgVOxnvbfpEi3-5XMmrt9vKYbqqp-pCmCy7TK79lzhGqHYCJvyGVZ0lixM7-2FVW6rB7CuSYdkeZo4tXRwYblhNnBVDFonSt6JcAqSOI-MQ2lDAHj8uhVLCvxe4MG59TsodOga0_lIFaVcPIZn7LhPrII9dJibTMKEwNZulQKUs-y8OIIye8Wxe41Dfzx3CQCg3PtMlapSzSA6bwU6agHoUDBB-hHt14T-T680jx2XR2PEHPo7-mVEVsTeAGDqPorUuDJHR7SPrOBM.ZTDllIa3AswaIv6JKsARsNihxhb2OAJ5AwIZdUY_Hrc&dib_tag=se&keywords=laptop&qid=1771147463&sr=8-20
Amazon,"Lenovo LOQ 15IRX9 Gaming - Intel Core i7-13650HX, AI Chip: LA1, 24GB DDR5 RAM, 512GB SSD, NVIDIA GeForce RTX 4050 6GB GDDR6 Graphics, 15.6"" FHD (1920x1080) IPS 144Hz 100% sRGB, Backlit - Luna Grey","49,999
.",,,"49,999
.",https://www.amazon.eg/-/en/sspa/click?ie=UTF8&spc=MTo4NjA4NDk1MjU2OTg1ODQ2OjE3NzExNDc0NjM6c3BfbXRmOjMwMDY5NDAwMjgxNTYzMjo6MDo6&url=%2FLenovo-LOQ-15IRX9-Gaming-i7-13650HX%2Fdp%2FB0DRZFRRZ5%2Fref%3Dsr_1_21_sspa%3Fdib%3DeyJ2IjoiMSJ9.yaoaIgJ9SjPUDLMU1KuLa7JdoHT8gAgVOxnvbfpEi3-5XMmrt9vKYbqqp-pCmCy7TK79lzhGqHYCJvyGVZ0lixM7-2FVW6rB7CuSYdkeZo4tXRwYblhNnBVDFonSt6JcAqSOI-MQ2lDAHj8uhVLCvxe4MG59TsodOga0_lIFaVcPIZn7LhPrII9dJibTMKEwNZulQKUs-y8OIIye8Wxe41Dfzx3CQCg3PtMlapSzSA6bwU6agHoUDBB-hHt14T-T680jx2XR2PEHPo7-mVEVsTeAGDqPorUuDJHR7SPrOBM.ZTDllIa3AswaIv6JKsARsNihxhb2OAJ5AwIZdUY_Hrc%26dib_tag%3Dse%26keywords%3Dlaptop%26qid%3D1771147463%26sr%3D8-21-spons%26aref%3DnmhJXwgVsZ%26sp_csd%3Dd2lkZ2V0TmFtZT1zcF9tdGY%26psc%3D1&aref=nmhJXwgVsZ&sp_cr=DUB
Amazon,"Dell Vostro 3530 Laptop - 13th Intel Core i7-1355U 10-Cores, 8GB RAM, 512GB SSD, Intel UHD Graphics, 15.6"" FHD (1920 x 1080) 120Hz 250 nits Anti-Glare LED Backlit Narrow border, Ubuntu - Carbon Black","27,999
.",,,"27,999
.",https://www.amazon.eg/-/en/sspa/click?ie=UTF8&spc=MTo4NjA4NDk1MjU2OTg1ODQ2OjE3NzExNDc0NjM6c3BfbXRmOjMwMDY5NDAwMjgxNjUzMjo6MDo6&url=%2FDell-Vostro-3530-Laptop-Anti-Glare%2Fdp%2FB0DVT1FDWC%2Fref%3Dsr_1_22_sspa%3Fdib%3DeyJ2IjoiMSJ9.yaoaIgJ9SjPUDLMU1KuLa7JdoHT8gAgVOxnvbfpEi3-5XMmrt9vKYbqqp-pCmCy7TK79lzhGqHYCJvyGVZ0lixM7-2FVW6rB7CuSYdkeZo4tXRwYblhNnBVDFonSt6JcAqSOI-MQ2lDAHj8uhVLCvxe4MG59TsodOga0_lIFaVcPIZn7LhPrII9dJibTMKEwNZulQKUs-y8OIIye8Wxe41Dfzx3CQCg3PtMlapSzSA6bwU6agHoUDBB-hHt14T-T680jx2XR2PEHPo7-mVEVsTeAGDqPorUuDJHR7SPrOBM.ZTDllIa3AswaIv6JKsARsNihxhb2OAJ5AwIZdUY_Hrc%26dib_tag%3Dse%26keywords%3Dlaptop%26qid%3D1771147463%26sr%3D8-22-spons%26aref%3DVTE1vHfEBw%26sp_csd%3Dd2lkZ2V0TmFtZT1zcF9tdGY%26psc%3D1%26smid%3DA39X7M1Y2JMWLJ&aref=VTE1vHfEBw&sp_cr=DUB
Amazon,"IdeaTab Dimensity 6300, RAM 8GB, Storage 128GB, 11.5"" 2.5K IPS 500 nits 90HZ, Rear 8MP, Front 5MP, 4 Speakers, Wi-Fi, Metal, 7040mAH, Color Luna Gray, Bluetooth 5.2, Folio Keyboard + Lenovo Tab Pen","12,777
.",,,"12,777
.",https://www.amazon.eg/-/en/sspa/click?ie=UTF8&spc=MTo4NjA4NDk1MjU2OTg1ODQ2OjE3NzExNDc0NjM6c3BfbXRmOjMwMDkzNjM3OTIwODEzMjo6MDo6&url=%2FDimensity-Speakers-Bluetooth-Keyboard-Lenovo%2Fdp%2FB0FT8Q7B5B%2Fref%3Dsr_1_23_sspa%3Fdib%3DeyJ2IjoiMSJ9.yaoaIgJ9SjPUDLMU1KuLa7JdoHT8gAgVOxnvbfpEi3-5XMmrt9vKYbqqp-pCmCy7TK79lzhGqHYCJvyGVZ0lixM7-2FVW6rB7CuSYdkeZo4tXRwYblhNnBVDFonSt6JcAqSOI-MQ2lDAHj8uhVLCvxe4MG59TsodOga0_lIFaVcPIZn7LhPrII9dJibTMKEwNZulQKUs-y8OIIye8Wxe41Dfzx3CQCg3PtMlapSzSA6bwU6agHoUDBB-hHt14T-T680jx2XR2PEHPo7-mVEVsTeAGDqPorUuDJHR7SPrOBM.ZTDllIa3AswaIv6JKsARsNihxhb2OAJ5AwIZdUY_Hrc%26dib_tag%3Dse%26keywords%3Dlaptop%26qid%3D1771147463%26sr%3D8-23-spons%26aref%3DRovfz5Jesd%26sp_csd%3Dd2lkZ2V0TmFtZT1zcF9tdGY%26psc%3D1&aref=Rovfz5Jesd&sp_cr=DUB
Amazon,"IdeaTab Dimensity 6300, RAM 8GB, Storage 128GB, 11.5"" 2.5K IPS 500 nits 90HZ, Rear 8MP, Front 5MP, 4 Speakers, Wi-Fi, Metal, 7040mAH, Color Luna Gray, Bluetooth 5.2, Folio Case + Lenovo Tab Pen","10,999
.",,,"10,999
.",https://www.amazon.eg/-/en/sspa/click?ie=UTF8&spc=MTo4NjA4NDk1MjU2OTg1ODQ2OjE3NzExNDc0NjM6c3BfbXRmOjMwMDkzNjM3OTIwODAzMjo6MDo6&url=%2FIdeaTab-Dimensity-Speakers-Bluetooth-Lenovo%2Fdp%2FB0GK2RPHF4%2Fref%3Dsr_1_24_sspa%3Fdib%3DeyJ2IjoiMSJ9.yaoaIgJ9SjPUDLMU1KuLa7JdoHT8gAgVOxnvbfpEi3-5XMmrt9vKYbqqp-pCmCy7TK79lzhGqHYCJvyGVZ0lixM7-2FVW6rB7CuSYdkeZo4tXRwYblhNnBVDFonSt6JcAqSOI-MQ2lDAHj8uhVLCvxe4MG59TsodOga0_lIFaVcPIZn7LhPrII9dJibTMKEwNZulQKUs-y8OIIye8Wxe41Dfzx3CQCg3PtMlapSzSA6bwU6agHoUDBB-hHt14T-T680jx2XR2PEHPo7-mVEVsTeAGDqPorUuDJHR7SPrOBM.ZTDllIa3AswaIv6JKsARsNihxhb2OAJ5AwIZdUY_Hrc%26dib_tag%3Dse%26keywords%3Dlaptop%26qid%3D1771147463%26sr%3D8-24-spons%26aref%3DBIQnsZQIRI%26sp_csd%3Dd2lkZ2V0TmFtZT1zcF9tdGY%26psc%3D1&aref=BIQnsZQIRI&sp_cr=DUB
Amazon,Latitude Dell E6420 14 LED Intel Core i5 i52520M 2.50gHz 4GB DDR3 320GB Hdd Dvd-Writer HD 3000 Graphics Bluetooth Notebook,"8,864
.",,,"8,864
.",https://www.amazon.eg/-/en/Latitude-E6420-Dvd-Writer-Graphics-Bluetooth/dp/B007PN2L3Y/ref=sr_1_25?dib=eyJ2IjoiMSJ9.yaoaIgJ9SjPUDLMU1KuLa7JdoHT8gAgVOxnvbfpEi3-5XMmrt9vKYbqqp-pCmCy7TK79lzhGqHYCJvyGVZ0lixM7-2FVW6rB7CuSYdkeZo4tXRwYblhNnBVDFonSt6JcAqSOI-MQ2lDAHj8uhVLCvxe4MG59TsodOga0_lIFaVcPIZn7LhPrII9dJibTMKEwNZulQKUs-y8OIIye8Wxe41Dfzx3CQCg3PtMlapSzSA6bwU6agHoUDBB-hHt14T-T680jx2XR2PEHPo7-mVEVsTeAGDqPorUuDJHR7SPrOBM.ZTDllIa3AswaIv6JKsARsNihxhb2OAJ5AwIZdUY_Hrc&dib_tag=se&keywords=laptop&qid=1771147463&sr=8-25
Amazon,"MSI Modern 14 C12MO | Intel i7 1215U | Iris Xe Graphics | Gen3x4 512GB NVMe PCIe SSD | 8GB DDR4 (3200MHz) | 14"" FHD 60Hz 45% NTSC IPS | Classic Black | 1 Year Local Warranty","27,436
.",,,"27,436
.",https://www.amazon.eg/-/en/MSI-Graphics-3200MHz-Classic-Warranty/dp/B0D92BL6GN/ref=sr_1_26?dib=eyJ2IjoiMSJ9.yaoaIgJ9SjPUDLMU1KuLa7JdoHT8gAgVOxnvbfpEi3-5XMmrt9vKYbqqp-pCmCy7TK79lzhGqHYCJvyGVZ0lixM7-2FVW6rB7CuSYdkeZo4tXRwYblhNnBVDFonSt6JcAqSOI-MQ2lDAHj8uhVLCvxe4MG59TsodOga0_lIFaVcPIZn7LhPrII9dJibTMKEwNZulQKUs-y8OIIye8Wxe41Dfzx3CQCg3PtMlapSzSA6bwU6agHoUDBB-hHt14T-T680jx2XR2PEHPo7-mVEVsTeAGDqPorUuDJHR7SPrOBM.ZTDllIa3AswaIv6JKsARsNihxhb2OAJ5AwIZdUY_Hrc&dib_tag=se&keywords=laptop&qid=1771147463&sr=8-26
Amazon,"Lenovo IP Slim 15IRH8: Ci5-13420H, 8GB, 512GB SSD, Intel UHD, 15.3"" WUXGA 1920 x 1200, 300nits, Grey with Aluminium Top","23,999
.",,,"23,999
.",https://www.amazon.eg/-/en/Lenovo-Slim-15IRH8-Ci5-13420H-Aluminium/dp/B0GCFHSM86/ref=sr_1_27?dib=eyJ2IjoiMSJ9.yaoaIgJ9SjPUDLMU1KuLa7JdoHT8gAgVOxnvbfpEi3-5XMmrt9vKYbqqp-pCmCy7TK79lzhGqHYCJvyGVZ0lixM7-2FVW6rB7CuSYdkeZo4tXRwYblhNnBVDFonSt6JcAqSOI-MQ2lDAHj8uhVLCvxe4MG59TsodOga0_lIFaVcPIZn7LhPrII9dJibTMKEwNZulQKUs-y8OIIye8Wxe41Dfzx3CQCg3PtMlapSzSA6bwU6agHoUDBB-hHt14T-T680jx2XR2PEHPo7-mVEVsTeAGDqPorUuDJHR7SPrOBM.ZTDllIa3AswaIv6JKsARsNihxhb2OAJ5AwIZdUY_Hrc&dib_tag=se&keywords=laptop&qid=1771147463&sr=8-27
Amazon,"Lenovo IdeaPad 5 2-in-1, Notebook Convertible 14"", WUXGA (1920x1200) Display 60Hz, Intel Core i5-13420H, Intel UHD Graphics, 16GB RAM, 512GB SSD M.2, WiFi 6, Windows 11 - Luna Grey","36,888
.",,,"36,888
.",https://www.amazon.eg/-/en/Lenovo-Notebook-Convertible-1920x1200-i5-13420H/dp/B0DHYFQW4J/ref=sr_1_28?dib=eyJ2IjoiMSJ9.yaoaIgJ9SjPUDLMU1KuLa7JdoHT8gAgVOxnvbfpEi3-5XMmrt9vKYbqqp-pCmCy7TK79lzhGqHYCJvyGVZ0lixM7-2FVW6rB7CuSYdkeZo4tXRwYblhNnBVDFonSt6JcAqSOI-MQ2lDAHj8uhVLCvxe4MG59TsodOga0_lIFaVcPIZn7LhPrII9dJibTMKEwNZulQKUs-y8OIIye8Wxe41Dfzx3CQCg3PtMlapSzSA6bwU6agHoUDBB-hHt14T-T680jx2XR2PEHPo7-mVEVsTeAGDqPorUuDJHR7SPrOBM.ZTDllIa3AswaIv6JKsARsNihxhb2OAJ5AwIZdUY_Hrc&dib_tag=se&keywords=laptop&qid=1771147463&sr=8-28
Amazon,"Dell Latitude 5310 2 in 1 Laptop Touch Screen 13.3"" FHD (1920 x 1080), Intel Core i7-10610U 1.8GHz, 512GB SSD, 16GB RAM, US QWERTY Keyboard, Windows 11 Pro (Renewed)","23,000
.",,,"23,000
.",https://www.amazon.eg/-/en/Dell-Latitude-5310-i7-10610U-Keyboard/dp/B0G7XLJKD8/ref=sr_1_29?dib=eyJ2IjoiMSJ9.yaoaIgJ9SjPUDLMU1KuLa7JdoHT8gAgVOxnvbfpEi3-5XMmrt9vKYbqqp-pCmCy7TK79lzhGqHYCJvyGVZ0lixM7-2FVW6rB7CuSYdkeZo4tXRwYblhNnBVDFonSt6JcAqSOI-MQ2lDAHj8uhVLCvxe4MG59TsodOga0_lIFaVcPIZn7LhPrII9dJibTMKEwNZulQKUs-y8OIIye8Wxe41Dfzx3CQCg3PtMlapSzSA6bwU6agHoUDBB-hHt14T-T680jx2XR2PEHPo7-mVEVsTeAGDqPorUuDJHR7SPrOBM.ZTDllIa3AswaIv6JKsARsNihxhb2OAJ5AwIZdUY_Hrc&dib_tag=se&keywords=laptop&qid=1771147463&sr=8-29
Amazon,"HP EliteBook 745 G6 Laptop, 14 Inch FHD(1920x1080) Notebook, AMD Ryzen 5 3500U, 16GB RAM, 256GB SSD, Webcam, WiFi, Bluetooth Windows 10 Pro 64-bit(Renewed)","17,000
.",,,"17,000
.",https://www.amazon.eg/-/en/HP-EliteBook-745-G6-1920x1080/dp/B0CKMXTFJY/ref=sr_1_30?dib=eyJ2IjoiMSJ9.yaoaIgJ9SjPUDLMU1KuLa7JdoHT8gAgVOxnvbfpEi3-5XMmrt9vKYbqqp-pCmCy7TK79lzhGqHYCJvyGVZ0lixM7-2FVW6rB7CuSYdkeZo4tXRwYblhNnBVDFonSt6JcAqSOI-MQ2lDAHj8uhVLCvxe4MG59TsodOga0_lIFaVcPIZn7LhPrII9dJibTMKEwNZulQKUs-y8OIIye8Wxe41Dfzx3CQCg3PtMlapSzSA6bwU6agHoUDBB-hHt14T-T680jx2XR2PEHPo7-mVEVsTeAGDqPorUuDJHR7SPrOBM.ZTDllIa3AswaIv6JKsARsNihxhb2OAJ5AwIZdUY_Hrc&dib_tag=se&keywords=laptop&qid=1771147463&sr=8-30
Amazon,"Lenovo LOQ 15IAX9 Gaming Laptop, Intel Core i5 12450HX, 12GB RAM, 512GB SSD, RTX 2050 4GB, 15.6"" 144Hz, Win11, Luna Grey, 2 Years Warranty - 83GS00SKED","33,499
.",,,"33,499
.",https://www.amazon.eg/-/en/Lenovo-15IAX9-Gaming-12450HX-Warranty/dp/B0G1Z9NSX7/ref=sr_1_31?dib=eyJ2IjoiMSJ9.yaoaIgJ9SjPUDLMU1KuLa7JdoHT8gAgVOxnvbfpEi3-5XMmrt9vKYbqqp-pCmCy7TK79lzhGqHYCJvyGVZ0lixM7-2FVW6rB7CuSYdkeZo4tXRwYblhNnBVDFonSt6JcAqSOI-MQ2lDAHj8uhVLCvxe4MG59TsodOga0_lIFaVcPIZn7LhPrII9dJibTMKEwNZulQKUs-y8OIIye8Wxe41Dfzx3CQCg3PtMlapSzSA6bwU6agHoUDBB-hHt14T-T680jx2XR2PEHPo7-mVEVsTeAGDqPorUuDJHR7SPrOBM.ZTDllIa3AswaIv6JKsARsNihxhb2OAJ5AwIZdUY_Hrc&dib_tag=se&keywords=laptop&qid=1771147463&sr=8-31
Amazon,"Dell Vostro 3530 Laptop - 13th Intel Core i7-1355U 10-Cores, 8GB RAM, 512GB SSD, Intel UHD Graphics, 15.6"" FHD (1920 x 1080) 120Hz 250 nits Anti-Glare LED Backlit Narrow border, Ubuntu - Carbon Black","27,999
.",,,"27,999
.",https://www.amazon.eg/-/en/Dell-Vostro-3530-Laptop-Anti-Glare/dp/B0DVT1FDWC/ref=sr_1_32?dib=eyJ2IjoiMSJ9.yaoaIgJ9SjPUDLMU1KuLa7JdoHT8gAgVOxnvbfpEi3-5XMmrt9vKYbqqp-pCmCy7TK79lzhGqHYCJvyGVZ0lixM7-2FVW6rB7CuSYdkeZo4tXRwYblhNnBVDFonSt6JcAqSOI-MQ2lDAHj8uhVLCvxe4MG59TsodOga0_lIFaVcPIZn7LhPrII9dJibTMKEwNZulQKUs-y8OIIye8Wxe41Dfzx3CQCg3PtMlapSzSA6bwU6agHoUDBB-hHt14T-T680jx2XR2PEHPo7-mVEVsTeAGDqPorUuDJHR7SPrOBM.ZTDllIa3AswaIv6JKsARsNihxhb2OAJ5AwIZdUY_Hrc&dib_tag=se&keywords=laptop&qid=1771147463&sr=8-32
Amazon,"HP Elitebook 745 G6 14"" FHD Laptop, AMD Ryzen 7 Pro 3700U 2.4GHz-4.0GHz, 16GB RAM, 512GB SSD, Fingerprint, Windows 10 Pro (Renewed)","20,000
.",,,"20,000
.",https://www.amazon.eg/-/en/HP-Elitebook-745-2-4GHz-4-0GHz-Fingerprint/dp/B0CST15L4R/ref=sr_1_33?dib=eyJ2IjoiMSJ9.yaoaIgJ9SjPUDLMU1KuLa7JdoHT8gAgVOxnvbfpEi3-5XMmrt9vKYbqqp-pCmCy7TK79lzhGqHYCJvyGVZ0lixM7-2FVW6rB7CuSYdkeZo4tXRwYblhNnBVDFonSt6JcAqSOI-MQ2lDAHj8uhVLCvxe4MG59TsodOga0_lIFaVcPIZn7LhPrII9dJibTMKEwNZulQKUs-y8OIIye8Wxe41Dfzx3CQCg3PtMlapSzSA6bwU6agHoUDBB-hHt14T-T680jx2XR2PEHPo7-mVEVsTeAGDqPorUuDJHR7SPrOBM.ZTDllIa3AswaIv6JKsARsNihxhb2OAJ5AwIZdUY_Hrc&dib_tag=se&keywords=laptop&qid=1771147463&sr=8-33
Amazon,HP EliteBook 840 G8 14 Inch 1920 x 1080 Full HD Intel Core i5 1145G7 512GB SSD Hard Drive 16GB Memory Windows 11 Pro Cam Notebook Laptop (Refurbished),"22,699
.",,,"22,699
.",https://www.amazon.eg/-/en/HP-EliteBook-Windows-Notebook-Refurbished/dp/B0FL2KJSKK/ref=sr_1_34?dib=eyJ2IjoiMSJ9.yaoaIgJ9SjPUDLMU1KuLa7JdoHT8gAgVOxnvbfpEi3-5XMmrt9vKYbqqp-pCmCy7TK79lzhGqHYCJvyGVZ0lixM7-2FVW6rB7CuSYdkeZo4tXRwYblhNnBVDFonSt6JcAqSOI-MQ2lDAHj8uhVLCvxe4MG59TsodOga0_lIFaVcPIZn7LhPrII9dJibTMKEwNZulQKUs-y8OIIye8Wxe41Dfzx3CQCg3PtMlapSzSA6bwU6agHoUDBB-hHt14T-T680jx2XR2PEHPo7-mVEVsTeAGDqPorUuDJHR7SPrOBM.ZTDllIa3AswaIv6JKsARsNihxhb2OAJ5AwIZdUY_Hrc&dib_tag=se&keywords=laptop&qid=1771147463&sr=8-34
Amazon,ASUS ROG Strix G16 [G614PH-RV161W] AMD Ryzen™ 9 8940HX /16GB DDR5 /1TB SSD/RTX 5050 8GB DDR7 /FHD+ 165Hz /Win 11,"68,888
.",,,"68,888
.",https://www.amazon.eg/-/en/ASUS-Strix-G614PH-RV161W-RyzenTM-8940HX/dp/B0G42LSRS8/ref=sr_1_35?dib=eyJ2IjoiMSJ9.yaoaIgJ9SjPUDLMU1KuLa7JdoHT8gAgVOxnvbfpEi3-5XMmrt9vKYbqqp-pCmCy7TK79lzhGqHYCJvyGVZ0lixM7-2FVW6rB7CuSYdkeZo4tXRwYblhNnBVDFonSt6JcAqSOI-MQ2lDAHj8uhVLCvxe4MG59TsodOga0_lIFaVcPIZn7LhPrII9dJibTMKEwNZulQKUs-y8OIIye8Wxe41Dfzx3CQCg3PtMlapSzSA6bwU6agHoUDBB-hHt14T-T680jx2XR2PEHPo7-mVEVsTeAGDqPorUuDJHR7SPrOBM.ZTDllIa3AswaIv6JKsARsNihxhb2OAJ5AwIZdUY_Hrc&dib_tag=se&keywords=laptop&qid=1771147463&sr=8-35
Amazon,"HP OmniBook 5 Flip14-fp0025ne i5-1334U, 8GB RAM, 512GB SSD, Intel Iris Xe Graphics, 14 Inch Touch 2K, Full backlit keyboard, Windows 11, Silver + Free HP PEN,3 Years Warranty","36,200
.",,,"36,200
.",https://www.amazon.eg/-/en/HP-OmniBook-Flip14-fp0025ne-i5-1334U-Graphics/dp/B0FW124C4S/ref=sr_1_36?dib=eyJ2IjoiMSJ9.yaoaIgJ9SjPUDLMU1KuLa7JdoHT8gAgVOxnvbfpEi3-5XMmrt9vKYbqqp-pCmCy7TK79lzhGqHYCJvyGVZ0lixM7-2FVW6rB7CuSYdkeZo4tXRwYblhNnBVDFonSt6JcAqSOI-MQ2lDAHj8uhVLCvxe4MG59TsodOga0_lIFaVcPIZn7LhPrII9dJibTMKEwNZulQKUs-y8OIIye8Wxe41Dfzx3CQCg3PtMlapSzSA6bwU6agHoUDBB-hHt14T-T680jx2XR2PEHPo7-mVEVsTeAGDqPorUuDJHR7SPrOBM.ZTDllIa3AswaIv6JKsARsNihxhb2OAJ5AwIZdUY_Hrc&dib_tag=se&keywords=laptop&qid=1771147463&sr=8-36
Amazon,"ASUS TUF Gaming F15, Intel Core i7-13620H, 8GB DDR5-4800 * 2, NVIDIA GeForce RTX 4060, 8GB GDDR6, 15.6"" (1920 x 1080) 16:10 144HZ, 1TB SSD, Windows 11 (FX507VV-LP156W) 1 Year Warranty by ASUS","63,150
.",,,"63,150
.",https://www.amazon.eg/-/en/ASUS-Gaming-i7-13620H-DDR5-4800-GeForce/dp/B0D26JC2HM/ref=sr_1_37?dib=eyJ2IjoiMSJ9.yaoaIgJ9SjPUDLMU1KuLa7JdoHT8gAgVOxnvbfpEi3-5XMmrt9vKYbqqp-pCmCy7TK79lzhGqHYCJvyGVZ0lixM7-2FVW6rB7CuSYdkeZo4tXRwYblhNnBVDFonSt6JcAqSOI-MQ2lDAHj8uhVLCvxe4MG59TsodOga0_lIFaVcPIZn7LhPrII9dJibTMKEwNZulQKUs-y8OIIye8Wxe41Dfzx3CQCg3PtMlapSzSA6bwU6agHoUDBB-hHt14T-T680jx2XR2PEHPo7-mVEVsTeAGDqPorUuDJHR7SPrOBM.ZTDllIa3AswaIv6JKsARsNihxhb2OAJ5AwIZdUY_Hrc&dib_tag=se&keywords=laptop&qid=1771147463&sr=8-37
Amazon,"Apple 2025 MacBook Air 13-inch Laptop with M4 chip: Built for Apple Intelligence, 13.6-inch Liquid Retina Display, 16GB Unified Memory, 256GB SSD Storage, 12MP Center Stage Camera, Touch ID; Midnight","47,432
.",,,"47,432
.",https://www.amazon.eg/-/en/Apple-2025-MacBook-13-inch-Laptop/dp/B0DZD9S5GC/ref=sr_1_38?dib=eyJ2IjoiMSJ9.yaoaIgJ9SjPUDLMU1KuLa7JdoHT8gAgVOxnvbfpEi3-5XMmrt9vKYbqqp-pCmCy7TK79lzhGqHYCJvyGVZ0lixM7-2FVW6rB7CuSYdkeZo4tXRwYblhNnBVDFonSt6JcAqSOI-MQ2lDAHj8uhVLCvxe4MG59TsodOga0_lIFaVcPIZn7LhPrII9dJibTMKEwNZulQKUs-y8OIIye8Wxe41Dfzx3CQCg3PtMlapSzSA6bwU6agHoUDBB-hHt14T-T680jx2XR2PEHPo7-mVEVsTeAGDqPorUuDJHR7SPrOBM.ZTDllIa3AswaIv6JKsARsNihxhb2OAJ5AwIZdUY_Hrc&dib_tag=se&keywords=laptop&qid=1771147463&sr=8-38
Amazon,"Lenovo Legion 5 15IAX10 Gaming Laptop, Intel Core Ultra 9 275HX, 32GB RAM, 1TB SSD, RTX 5070 8GB, 15.1"" OLED, 165Hz, DOS, 3-Years Warranty, 83F00072ED","102,179
.",,,"102,179
.",https://www.amazon.eg/-/en/Lenovo-15IAX10-3-Years-Warranty-83F00072ED/dp/B0G44MSWLX/ref=sr_1_39?dib=eyJ2IjoiMSJ9.yaoaIgJ9SjPUDLMU1KuLa7JdoHT8gAgVOxnvbfpEi3-5XMmrt9vKYbqqp-pCmCy7TK79lzhGqHYCJvyGVZ0lixM7-2FVW6rB7CuSYdkeZo4tXRwYblhNnBVDFonSt6JcAqSOI-MQ2lDAHj8uhVLCvxe4MG59TsodOga0_lIFaVcPIZn7LhPrII9dJibTMKEwNZulQKUs-y8OIIye8Wxe41Dfzx3CQCg3PtMlapSzSA6bwU6agHoUDBB-hHt14T-T680jx2XR2PEHPo7-mVEVsTeAGDqPorUuDJHR7SPrOBM.ZTDllIa3AswaIv6JKsARsNihxhb2OAJ5AwIZdUY_Hrc&dib_tag=se&keywords=laptop&qid=1771147463&sr=8-39
Amazon,"Dell Latitude 5490 Notebook 14“ FHD (1920 x 1080) Business Laptop, Intel Core i5-8350 Up to 3.4GHz, 16GB RAM 512GB SSD, Bluetooth, Wi-Fi, CAM, HDMI, DP, VGA Windows 10 Pro (Renewed)","17,199
.",,,"17,199
.",https://www.amazon.eg/-/en/Dell-Latitude-5490-Laptop-Bluetooth/dp/B0CFL9TGDG/ref=sr_1_40?dib=eyJ2IjoiMSJ9.yaoaIgJ9SjPUDLMU1KuLa7JdoHT8gAgVOxnvbfpEi3-5XMmrt9vKYbqqp-pCmCy7TK79lzhGqHYCJvyGVZ0lixM7-2FVW6rB7CuSYdkeZo4tXRwYblhNnBVDFonSt6JcAqSOI-MQ2lDAHj8uhVLCvxe4MG59TsodOga0_lIFaVcPIZn7LhPrII9dJibTMKEwNZulQKUs-y8OIIye8Wxe41Dfzx3CQCg3PtMlapSzSA6bwU6agHoUDBB-hHt14T-T680jx2XR2PEHPo7-mVEVsTeAGDqPorUuDJHR7SPrOBM.ZTDllIa3AswaIv6JKsARsNihxhb2OAJ5AwIZdUY_Hrc&dib_tag=se&keywords=laptop&qid=1771147463&sr=8-40
Amazon,"Apple 2020 MacBook Air Laptop: Apple M1 Chip, 13” Retina Display, 8GB RAM, 256GB SSD Storage, Backlit Keyboard, FaceTime HD Camera, Touch ID. Works with iPhone/iPad; Space Gray ; Arabic/English","32,949
.",,,"32,949
.",https://www.amazon.eg/-/en/Apple-2020-MacBook-Air-Laptop/dp/B08NHHX7RT/ref=sr_1_41?dib=eyJ2IjoiMSJ9.yaoaIgJ9SjPUDLMU1KuLa7JdoHT8gAgVOxnvbfpEi3-5XMmrt9vKYbqqp-pCmCy7TK79lzhGqHYCJvyGVZ0lixM7-2FVW6rB7CuSYdkeZo4tXRwYblhNnBVDFonSt6JcAqSOI-MQ2lDAHj8uhVLCvxe4MG59TsodOga0_lIFaVcPIZn7LhPrII9dJibTMKEwNZulQKUs-y8OIIye8Wxe41Dfzx3CQCg3PtMlapSzSA6bwU6agHoUDBB-hHt14T-T680jx2XR2PEHPo7-mVEVsTeAGDqPorUuDJHR7SPrOBM.ZTDllIa3AswaIv6JKsARsNihxhb2OAJ5AwIZdUY_Hrc&dib_tag=se&keywords=laptop&qid=1771147463&sr=8-41
Amazon,"Lenovo IdeaPad 1, CPU: Intel® Core™ i7-1255U, 8GB Soldered DDR4-3200, Display: 15.6"" FHD (1920x1080) TN 220nits Anti-glare, 512GB SSD, Windows® 11 Home(82QD008LED)","29,262
.",,,"29,262
.",https://www.amazon.eg/-/en/Lenovo-IdeaPad-CPU-Anti-glare-82QD008LED/dp/B0C5F41H34/ref=sr_1_42?dib=eyJ2IjoiMSJ9.yaoaIgJ9SjPUDLMU1KuLa7JdoHT8gAgVOxnvbfpEi3-5XMmrt9vKYbqqp-pCmCy7TK79lzhGqHYCJvyGVZ0lixM7-2FVW6rB7CuSYdkeZo4tXRwYblhNnBVDFonSt6JcAqSOI-MQ2lDAHj8uhVLCvxe4MG59TsodOga0_lIFaVcPIZn7LhPrII9dJibTMKEwNZulQKUs-y8OIIye8Wxe41Dfzx3CQCg3PtMlapSzSA6bwU6agHoUDBB-hHt14T-T680jx2XR2PEHPo7-mVEVsTeAGDqPorUuDJHR7SPrOBM.ZTDllIa3AswaIv6JKsARsNihxhb2OAJ5AwIZdUY_Hrc&dib_tag=se&keywords=laptop&qid=1771147463&sr=8-42
Amazon,"HP Victus Gaming Laptop 15-fb3015ne Ryzen 7-7445HS, 16GB Ram, 512GB-SSD, RTX 4050 6GB, 15.6""-FHD, 300nits, 144Hz, Full Keyboard, Free Game Pass 3 Months, Windows 11, 3 Years Warranty","45,596
.",,,"45,596
.",https://www.amazon.eg/-/en/HP-15-fb3015ne-7-7445HS-512GB-SSD-Keyboard/dp/B0FVXT46RH/ref=sr_1_43?dib=eyJ2IjoiMSJ9.yaoaIgJ9SjPUDLMU1KuLa7JdoHT8gAgVOxnvbfpEi3-5XMmrt9vKYbqqp-pCmCy7TK79lzhGqHYCJvyGVZ0lixM7-2FVW6rB7CuSYdkeZo4tXRwYblhNnBVDFonSt6JcAqSOI-MQ2lDAHj8uhVLCvxe4MG59TsodOga0_lIFaVcPIZn7LhPrII9dJibTMKEwNZulQKUs-y8OIIye8Wxe41Dfzx3CQCg3PtMlapSzSA6bwU6agHoUDBB-hHt14T-T680jx2XR2PEHPo7-mVEVsTeAGDqPorUuDJHR7SPrOBM.ZTDllIa3AswaIv6JKsARsNihxhb2OAJ5AwIZdUY_Hrc&dib_tag=se&keywords=laptop&qid=1771147463&sr=8-43
Amazon,"Lenovo Legion Pro 7 16IAX10H Gaming Laptop Intel Core Ultra 9 275HX, 64GB RAM, 2TB SSD, RTX 5080 16GB, 16-inch WQXGA 240Hz,100% sRGB with G-Sync, Win11","188,880
.",,,"188,880
.",https://www.amazon.eg/-/en/Lenovo-Legion-16IAX10H-Gaming-16-inch/dp/B0GDZ136V8/ref=sr_1_44?dib=eyJ2IjoiMSJ9.yaoaIgJ9SjPUDLMU1KuLa7JdoHT8gAgVOxnvbfpEi3-5XMmrt9vKYbqqp-pCmCy7TK79lzhGqHYCJvyGVZ0lixM7-2FVW6rB7CuSYdkeZo4tXRwYblhNnBVDFonSt6JcAqSOI-MQ2lDAHj8uhVLCvxe4MG59TsodOga0_lIFaVcPIZn7LhPrII9dJibTMKEwNZulQKUs-y8OIIye8Wxe41Dfzx3CQCg3PtMlapSzSA6bwU6agHoUDBB-hHt14T-T680jx2XR2PEHPo7-mVEVsTeAGDqPorUuDJHR7SPrOBM.ZTDllIa3AswaIv6JKsARsNihxhb2OAJ5AwIZdUY_Hrc&dib_tag=se&keywords=laptop&qid=1771147463&sr=8-44
Amazon,"DELL G15 5530 Gaming Laptop -13th Intel Core i5-13450HX, 16GB DDR5-4800 MHz RAM, 512GB SSD, NVIDIA GeForce RTX 3050 6GB GDDR6 Graphics, 15.6"" FHD (1920x1080) 120Hz, 4Z RGB, Ubuntu","43,600
.",,,"43,600
.",https://www.amazon.eg/-/en/G15-5530-i5-13450HX-RTX-3050/dp/B0DCDWQ95D/ref=sr_1_45?dib=eyJ2IjoiMSJ9.yaoaIgJ9SjPUDLMU1KuLa7JdoHT8gAgVOxnvbfpEi3-5XMmrt9vKYbqqp-pCmCy7TK79lzhGqHYCJvyGVZ0lixM7-2FVW6rB7CuSYdkeZo4tXRwYblhNnBVDFonSt6JcAqSOI-MQ2lDAHj8uhVLCvxe4MG59TsodOga0_lIFaVcPIZn7LhPrII9dJibTMKEwNZulQKUs-y8OIIye8Wxe41Dfzx3CQCg3PtMlapSzSA6bwU6agHoUDBB-hHt14T-T680jx2XR2PEHPo7-mVEVsTeAGDqPorUuDJHR7SPrOBM.ZTDllIa3AswaIv6JKsARsNihxhb2OAJ5AwIZdUY_Hrc&dib_tag=se&keywords=laptop&qid=1771147463&sr=8-45
Amazon,"HP Mobile Workstation ZBook Firefly 14 G8 Laptop, 14"" FHD Laptop, Quad-Core i5-1135G7, 16GB RAM, 512GB SSD, Backlit Keyboard, Windows 11 Pro(Renewed)","25,000
.",,,"25,000
.",https://www.amazon.eg/-/en/HP-Workstation-ZBook-Firefly-14/dp/B0DY7LWSFG/ref=sr_1_46?dib=eyJ2IjoiMSJ9.yaoaIgJ9SjPUDLMU1KuLa7JdoHT8gAgVOxnvbfpEi3-5XMmrt9vKYbqqp-pCmCy7TK79lzhGqHYCJvyGVZ0lixM7-2FVW6rB7CuSYdkeZo4tXRwYblhNnBVDFonSt6JcAqSOI-MQ2lDAHj8uhVLCvxe4MG59TsodOga0_lIFaVcPIZn7LhPrII9dJibTMKEwNZulQKUs-y8OIIye8Wxe41Dfzx3CQCg3PtMlapSzSA6bwU6agHoUDBB-hHt14T-T680jx2XR2PEHPo7-mVEVsTeAGDqPorUuDJHR7SPrOBM.ZTDllIa3AswaIv6JKsARsNihxhb2OAJ5AwIZdUY_Hrc&dib_tag=se&keywords=laptop&qid=1771147463&sr=8-46
Amazon,"Lenovo LOQ 15AHP10, AMD Ryzen™ 7 250, 16GB RAM, 512GB SSD, RTX 5060 8GB, 15.6"" 144Hz, DOS, Luna Grey, 2 Years Warranty -83JG0095ED","53,999
.",,,"53,999
.",https://www.amazon.eg/-/en/Lenovo-15AHP10-RyzenTM-Warranty-83JG0095ED/dp/B0G1ZJQ1L4/ref=sr_1_47?dib=eyJ2IjoiMSJ9.yaoaIgJ9SjPUDLMU1KuLa7JdoHT8gAgVOxnvbfpEi3-5XMmrt9vKYbqqp-pCmCy7TK79lzhGqHYCJvyGVZ0lixM7-2FVW6rB7CuSYdkeZo4tXRwYblhNnBVDFonSt6JcAqSOI-MQ2lDAHj8uhVLCvxe4MG59TsodOga0_lIFaVcPIZn7LhPrII9dJibTMKEwNZulQKUs-y8OIIye8Wxe41Dfzx3CQCg3PtMlapSzSA6bwU6agHoUDBB-hHt14T-T680jx2XR2PEHPo7-mVEVsTeAGDqPorUuDJHR7SPrOBM.ZTDllIa3AswaIv6JKsARsNihxhb2OAJ5AwIZdUY_Hrc&dib_tag=se&keywords=laptop&qid=1771147463&sr=8-47
Amazon,"HP OmniBook 7 AeroNGAI Laptop, AMD Ryzen AI 5 340, 13.3-inch, 16GB LPDDR5x, bg1001ne, Glacier Silver, 512GB SSD, AI-Powered, Integrated Radeon 800M Graphics, Windows 11 Home, 1 year warranty","45,999
.",,,"45,999
.",https://www.amazon.eg/-/en/HP-OmniBook-13-3-inch-AI-Powered-Integrated/dp/B0FPBGHQ84/ref=sr_1_48?dib=eyJ2IjoiMSJ9.yaoaIgJ9SjPUDLMU1KuLa7JdoHT8gAgVOxnvbfpEi3-5XMmrt9vKYbqqp-pCmCy7TK79lzhGqHYCJvyGVZ0lixM7-2FVW6rB7CuSYdkeZo4tXRwYblhNnBVDFonSt6JcAqSOI-MQ2lDAHj8uhVLCvxe4MG59TsodOga0_lIFaVcPIZn7LhPrII9dJibTMKEwNZulQKUs-y8OIIye8Wxe41Dfzx3CQCg3PtMlapSzSA6bwU6agHoUDBB-hHt14T-T680jx2XR2PEHPo7-mVEVsTeAGDqPorUuDJHR7SPrOBM.ZTDllIa3AswaIv6JKsARsNihxhb2OAJ5AwIZdUY_Hrc&dib_tag=se&keywords=laptop&qid=1771147463&sr=8-48
Amazon,"Lenovo LOQ 15IRX9 Gaming Laptop - 13th Intel Core i7-13650HX, 16GB DDR5 RAM, 512GB SSD, AI Chip: LA1, NVIDIA GeForce RTX 3050 6GB GDDR6 Graphics, 15.6"" FHD (1920x1080) IPS 144Hz //2Years Warranty//","40,850
.",,,"40,850
.",https://www.amazon.eg/-/en/Lenovo-LOQ-15IRX9-Gaming-Laptop/dp/B0DC926Y7J/ref=sr_1_49?dib=eyJ2IjoiMSJ9.yaoaIgJ9SjPUDLMU1KuLa7JdoHT8gAgVOxnvbfpEi3-5XMmrt9vKYbqqp-pCmCy7TK79lzhGqHYCJvyGVZ0lixM7-2FVW6rB7CuSYdkeZo4tXRwYblhNnBVDFonSt6JcAqSOI-MQ2lDAHj8uhVLCvxe4MG59TsodOga0_lIFaVcPIZn7LhPrII9dJibTMKEwNZulQKUs-y8OIIye8Wxe41Dfzx3CQCg3PtMlapSzSA6bwU6agHoUDBB-hHt14T-T680jx2XR2PEHPo7-mVEVsTeAGDqPorUuDJHR7SPrOBM.ZTDllIa3AswaIv6JKsARsNihxhb2OAJ5AwIZdUY_Hrc&dib_tag=se&keywords=laptop&qid=1771147463&sr=8-49
Amazon,"Lenovo Legion 7 Gaming Laptop, 16"" WQXGA 2560x1600 IPS 165Hz Display, Intel Core i7-11800H, NVIDIA GeForce RTX 3080 16GB, 32GB DDR4 RAM, 1TB SSD, RGB Backlit Keyboard, E-shutter, Storm Grey","92,400
.",,,"92,400
.",https://www.amazon.eg/-/en/Lenovo-2560x1600-i7-11800H-Keyboard-shutter/dp/B0DG3717VX/ref=sr_1_50?dib=eyJ2IjoiMSJ9.yaoaIgJ9SjPUDLMU1KuLa7JdoHT8gAgVOxnvbfpEi3-5XMmrt9vKYbqqp-pCmCy7TK79lzhGqHYCJvyGVZ0lixM7-2FVW6rB7CuSYdkeZo4tXRwYblhNnBVDFonSt6JcAqSOI-MQ2lDAHj8uhVLCvxe4MG59TsodOga0_lIFaVcPIZn7LhPrII9dJibTMKEwNZulQKUs-y8OIIye8Wxe41Dfzx3CQCg3PtMlapSzSA6bwU6agHoUDBB-hHt14T-T680jx2XR2PEHPo7-mVEVsTeAGDqPorUuDJHR7SPrOBM.ZTDllIa3AswaIv6JKsARsNihxhb2OAJ5AwIZdUY_Hrc&dib_tag=se&keywords=laptop&qid=1771147463&sr=8-50
Amazon,"Hp Victus 15 Gaming Laptop - 13th Intel i5-13500H 12-Cores, 6GB GDDR6 NVIDIA GeForce RTX 3050 Graphics, 16GB RAM, 512GB SSD, 15.6"" FHD (1920x1080) 144Hz IPS, Backlit Keyboard, Dos -Performance Blue","52,585
.",,,"52,585
.",https://www.amazon.eg/-/en/Victus-Gaming-Laptop-i5-13500H-Performance/dp/B0CNKJWK32/ref=sr_1_51?dib=eyJ2IjoiMSJ9.yaoaIgJ9SjPUDLMU1KuLa7JdoHT8gAgVOxnvbfpEi3-5XMmrt9vKYbqqp-pCmCy7TK79lzhGqHYCJvyGVZ0lixM7-2FVW6rB7CuSYdkeZo4tXRwYblhNnBVDFonSt6JcAqSOI-MQ2lDAHj8uhVLCvxe4MG59TsodOga0_lIFaVcPIZn7LhPrII9dJibTMKEwNZulQKUs-y8OIIye8Wxe41Dfzx3CQCg3PtMlapSzSA6bwU6agHoUDBB-hHt14T-T680jx2XR2PEHPo7-mVEVsTeAGDqPorUuDJHR7SPrOBM.ZTDllIa3AswaIv6JKsARsNihxhb2OAJ5AwIZdUY_Hrc&dib_tag=se&keywords=laptop&qid=1771147463&sr=8-51
Amazon,ASUS ZenBook A14 [UX3407RA-QD906W] Snapdragon® X Elite X1E 78 100 /32GB LPDDR5X / 1TB SSD/Qualcomm® Adreno™ GPU/WIN 11,"69,999
.",,,"69,999
.",https://www.amazon.eg/-/en/ASUS-UX3407RA-QD906W-Snapdragon%C2%AE-Qualcomm%C2%AE-AdrenoTM/dp/B0G1MZXCNT/ref=sr_1_52?dib=eyJ2IjoiMSJ9.yaoaIgJ9SjPUDLMU1KuLa7JdoHT8gAgVOxnvbfpEi3-5XMmrt9vKYbqqp-pCmCy7TK79lzhGqHYCJvyGVZ0lixM7-2FVW6rB7CuSYdkeZo4tXRwYblhNnBVDFonSt6JcAqSOI-MQ2lDAHj8uhVLCvxe4MG59TsodOga0_lIFaVcPIZn7LhPrII9dJibTMKEwNZulQKUs-y8OIIye8Wxe41Dfzx3CQCg3PtMlapSzSA6bwU6agHoUDBB-hHt14T-T680jx2XR2PEHPo7-mVEVsTeAGDqPorUuDJHR7SPrOBM.ZTDllIa3AswaIv6JKsARsNihxhb2OAJ5AwIZdUY_Hrc&dib_tag=se&keywords=laptop&qid=1771147463&sr=8-52
Amazon,"HP Victus Gaming 15-fb0034ne Laptop - Ryzen 7-5800H 8-Cores, 16 GB RAM, 512 GB SSD, NVIDIA RTX 3050 4GB GDDR6 Graphics, 15.6"" FHD (1920x1080) IPS 144Hz, Backlit Keyboard, Windows 11- Mica Silver","53,151
.",,,"53,151
.",https://www.amazon.eg/-/en/HP-Victus-Gaming-15-fb0034ne-Laptop/dp/B0CYNCBCWM/ref=sr_1_53?dib=eyJ2IjoiMSJ9.yaoaIgJ9SjPUDLMU1KuLa7JdoHT8gAgVOxnvbfpEi3-5XMmrt9vKYbqqp-pCmCy7TK79lzhGqHYCJvyGVZ0lixM7-2FVW6rB7CuSYdkeZo4tXRwYblhNnBVDFonSt6JcAqSOI-MQ2lDAHj8uhVLCvxe4MG59TsodOga0_lIFaVcPIZn7LhPrII9dJibTMKEwNZulQKUs-y8OIIye8Wxe41Dfzx3CQCg3PtMlapSzSA6bwU6agHoUDBB-hHt14T-T680jx2XR2PEHPo7-mVEVsTeAGDqPorUuDJHR7SPrOBM.ZTDllIa3AswaIv6JKsARsNihxhb2OAJ5AwIZdUY_Hrc&dib_tag=se&keywords=laptop&qid=1771147463&sr=8-53
Amazon,"HP Victus Gaming Laptop 15-fb3014ne: Ryzen 7-7445HS, 16GB Ram, 512GB-SSD, GF RTX 2050 4GB, 15.6""-FHD, 1920x1080, 300nits, Full backlit Keyboard, Free Game Pass 3 Months, Windows 11, 3 Year Warranty","36,199
.",,,"36,199
.",https://www.amazon.eg/-/en/HP-Victus-Gaming-Laptop-15-fb3014ne/dp/B0FVXZBTZK/ref=sr_1_54?dib=eyJ2IjoiMSJ9.yaoaIgJ9SjPUDLMU1KuLa7JdoHT8gAgVOxnvbfpEi3-5XMmrt9vKYbqqp-pCmCy7TK79lzhGqHYCJvyGVZ0lixM7-2FVW6rB7CuSYdkeZo4tXRwYblhNnBVDFonSt6JcAqSOI-MQ2lDAHj8uhVLCvxe4MG59TsodOga0_lIFaVcPIZn7LhPrII9dJibTMKEwNZulQKUs-y8OIIye8Wxe41Dfzx3CQCg3PtMlapSzSA6bwU6agHoUDBB-hHt14T-T680jx2XR2PEHPo7-mVEVsTeAGDqPorUuDJHR7SPrOBM.ZTDllIa3AswaIv6JKsARsNihxhb2OAJ5AwIZdUY_Hrc&dib_tag=se&keywords=laptop&qid=1771147463&sr=8-54
Amazon,"HP VICTUS Gaming Laptop 15-fa2035ne: Core i7-13620H, 16GB Ram, 512GB-SSD, GF RTX 4050 6GB, 15.6""-FHD, 300nits, 144Hz, Full backlit keyboard, Free Game Pass 3 Months, Windows 11, 3 Year Warranty","51,333
.",,,"51,333
.",https://www.amazon.eg/-/en/HP-VICTUS-Gaming-Laptop-15-fa2035ne/dp/B0FVXZTFSS/ref=sr_1_55?dib=eyJ2IjoiMSJ9.yaoaIgJ9SjPUDLMU1KuLa7JdoHT8gAgVOxnvbfpEi3-5XMmrt9vKYbqqp-pCmCy7TK79lzhGqHYCJvyGVZ0lixM7-2FVW6rB7CuSYdkeZo4tXRwYblhNnBVDFonSt6JcAqSOI-MQ2lDAHj8uhVLCvxe4MG59TsodOga0_lIFaVcPIZn7LhPrII9dJibTMKEwNZulQKUs-y8OIIye8Wxe41Dfzx3CQCg3PtMlapSzSA6bwU6agHoUDBB-hHt14T-T680jx2XR2PEHPo7-mVEVsTeAGDqPorUuDJHR7SPrOBM.ZTDllIa3AswaIv6JKsARsNihxhb2OAJ5AwIZdUY_Hrc&dib_tag=se&keywords=laptop&qid=1771147463&sr=8-55
Amazon,ASUS Vivobook 16 [X1607QA-MB054W] Snapdragon® X X1 26 100 /16GB DDR5/1TB SSD/Qualcomm Adreno GPU/FHD+ 60Hz/ Win 11,"37,499
.",,,"37,499
.",https://www.amazon.eg/-/en/ASUS-Vivobook-X1607QA-MB054W-Snapdragon%C2%AE-Qualcomm/dp/B0G1MXLGQF/ref=sr_1_56?dib=eyJ2IjoiMSJ9.yaoaIgJ9SjPUDLMU1KuLa7JdoHT8gAgVOxnvbfpEi3-5XMmrt9vKYbqqp-pCmCy7TK79lzhGqHYCJvyGVZ0lixM7-2FVW6rB7CuSYdkeZo4tXRwYblhNnBVDFonSt6JcAqSOI-MQ2lDAHj8uhVLCvxe4MG59TsodOga0_lIFaVcPIZn7LhPrII9dJibTMKEwNZulQKUs-y8OIIye8Wxe41Dfzx3CQCg3PtMlapSzSA6bwU6agHoUDBB-hHt14T-T680jx2XR2PEHPo7-mVEVsTeAGDqPorUuDJHR7SPrOBM.ZTDllIa3AswaIv6JKsARsNihxhb2OAJ5AwIZdUY_Hrc&dib_tag=se&keywords=laptop&qid=1771147463&sr=8-56
Amazon,"Educational laptop, Arabic-English, Math, Music, 80 functions","1,281
.",,,"1,281
.",https://www.amazon.eg/-/en/sspa/click?ie=UTF8&spc=MTo4NjA4NDk1MjU2OTg1ODQ2OjE3NzExNDc0NjM6c3BfYnRmOjMwMDkwNjQwMjYwNTMzMjo6MDo6&url=%2FEducational-laptop-Arabic-English-Music-functions%2Fdp%2FB0DMWY9HTV%2Fref%3Dsr_1_57_sspa%3Fdib%3DeyJ2IjoiMSJ9.yaoaIgJ9SjPUDLMU1KuLa7JdoHT8gAgVOxnvbfpEi3-5XMmrt9vKYbqqp-pCmCy7TK79lzhGqHYCJvyGVZ0lixM7-2FVW6rB7CuSYdkeZo4tXRwYblhNnBVDFonSt6JcAqSOI-MQ2lDAHj8uhVLCvxe4MG59TsodOga0_lIFaVcPIZn7LhPrII9dJibTMKEwNZulQKUs-y8OIIye8Wxe41Dfzx3CQCg3PtMlapSzSA6bwU6agHoUDBB-hHt14T-T680jx2XR2PEHPo7-mVEVsTeAGDqPorUuDJHR7SPrOBM.ZTDllIa3AswaIv6JKsARsNihxhb2OAJ5AwIZdUY_Hrc%26dib_tag%3Dse%26keywords%3Dlaptop%26qid%3D1771147463%26sr%3D8-57-spons%26aref%3D4hJ7C5HwBd%26sp_csd%3Dd2lkZ2V0TmFtZT1zcF9idGY%26psc%3D1&aref=4hJ7C5HwBd&sp_cr=DUB
Amazon,Generic Flat Laptop - Capstania (Pesta),"242
.",,,"242
.",https://www.amazon.eg/-/en/sspa/click?ie=UTF8&spc=MTo4NjA4NDk1MjU2OTg1ODQ2OjE3NzExNDc0NjM6c3BfYnRmOjMwMDYyNjY4NTA2NzgzMjo6MDo6&url=%2FGeneric-Flat-Laptop-Capstania-Pesta%2Fdp%2FB0FD7T7DJT%2Fref%3Dsr_1_58_sspa%3Fdib%3DeyJ2IjoiMSJ9.yaoaIgJ9SjPUDLMU1KuLa7JdoHT8gAgVOxnvbfpEi3-5XMmrt9vKYbqqp-pCmCy7TK79lzhGqHYCJvyGVZ0lixM7-2FVW6rB7CuSYdkeZo4tXRwYblhNnBVDFonSt6JcAqSOI-MQ2lDAHj8uhVLCvxe4MG59TsodOga0_lIFaVcPIZn7LhPrII9dJibTMKEwNZulQKUs-y8OIIye8Wxe41Dfzx3CQCg3PtMlapSzSA6bwU6agHoUDBB-hHt14T-T680jx2XR2PEHPo7-mVEVsTeAGDqPorUuDJHR7SPrOBM.ZTDllIa3AswaIv6JKsARsNihxhb2OAJ5AwIZdUY_Hrc%26dib_tag%3Dse%26keywords%3Dlaptop%26qid%3D1771147463%26sr%3D8-58-spons%26aref%3DhV0AcDDEpW%26sp_csd%3Dd2lkZ2V0TmFtZT1zcF9idGY%26psc%3D1&aref=hV0AcDDEpW&sp_cr=DUB
Noon,Apple MacBook Air MW123 | 13 Inch Display | Apple M4 Chip | 10-Core CPU 8-Core GPU | 16GB RAM | 256GB SSD | macOS | English Keyboard | International Version | Midnight,45492,48058,5,"EGP
45,492
48,058
Lowest price in 7 days
Free Delivery
Selling out fast",https://www.noon.com/egypt-en/macbook-air-mw123-13-inch-display-apple-m4-chip-10-core-cpu-8-core-gpu-16gb-ram-256gb-ssd-macos-english-keyboard-international-version-midnight/N70154912V/p/?o=c2d0541e3862cd1f
Noon,"ASUS TUF Gaming F16 2024 FX607VJ-RL165W Gaming Laptop, Intel Core 5-210H, 512GB SSD, 16GB RAM, 16 Inch, WUXGA, IPS, NVIDIA GeForce RTX 3050 6GB GDDR6, Windows 11 - Mecha Grey English/Arabic Mecha Gray",36379,45999,21,"EGP
36,379
45,999
#18 in Notebook Laptops
Lowest price in a year",https://www.noon.com/egypt-en/asus-tuf-gaming-f16-2024-fx607vj-rl165w-gaming-laptop-intel-core-5-210h-512gb-ssd-16gb-ram-16-inch-wuxga-ips-nvidia-geforce-rtx-3050-6gb-gddr6-windows-11-mecha-grey-english-arabic-mecha-gray/N70203426V/p/?o=b357c9c5d35dcfdb
Noon,Lenovo LAPTOP LENOVO LEGION 5 15IAX10 Intel Core Ultra 9 275HX RAM (2*16 ) 32G DDR5 5600 HDD 1T SSD M2 NVME VGA NVIDIA GeForce RTX 5070 8GB GDDR7 15.1 WQXGA (2560x1600) OLED 165 HZ DOS 2 YEAR WARRENTY 83F00072ED English/Arabic Eclipse Black,87299,94300,7,"EGP
87,299
94,300
#10 in Notebook Laptops
Lowest price in 30 days",https://www.noon.com/egypt-en/laptop-lenovo-legion-5-15iax10-intel-core-ultra-9-275hx-ram-2-16-32g-ddr5-5600-hdd-1t-ssd-m2-nvme-vga-nvidia-geforce-rtx-5070-8gb-gddr7-15-1-wqxga-2560x1600-oled-165-hz-dos-2-year-warrenty-83f00072ed-english-arabic-eclipse-black/N70269989V/p/?o=fc024149e4d971ee
Noon,Acer Aspire 3 A315-44P-R4GH Slim Laptop | 15.6 Inch FHD ComfyView | AMD Ryzen Core 7-5700U | 8GB RAM | 512GB PCIe SSD | AMD Radeon Graphics | DOS | Silver English/Arabic Silver,18124,20000,9,"EGP
18,124
20,000
Free Delivery
Selling out fast",https://www.noon.com/egypt-en/acer-aspire-3-a315-44p-r4gh-slim-laptop-15-6-inch-fhd-comfyview-amd-ryzen-core-7-5700u-8gb-ram-512gb-pcie-ssd-amd-radeon-graphics-dos-silver-english-arabic-silver/N70118846V/p/?o=bb0e6857d87c41fe
Noon,Apple MacBook Pro MX2X3 | 16.2 Inch Display | Apple M4 Pro Chip | 14-Core CPU 20-Core GPU | 24GB RAM | 512GB SSD | macOS | English Keyboard | English Space Black,N/A,N/A,N/A,"EGP
113,974
118,495
#12 in Notebook Laptops
Free Delivery",https://www.noon.com/egypt-en/macbook-pro-mx2x3-16-2-inch-display-apple-m4-pro-chip-14-core-cpu-20-core-gpu-24gb-ram-512gb-ssd-macos-english-keyboard-english-space-black/N70125927V/p/?o=d8f3a3bc2ba4725c
Noon,"Apple MacBook Air MC6U4 With 13 Inch Display, M4 Chip 10-Core CPU 10-Core GPU | 16GB RAM | 512GB SSD | macOS | English/Arabic Sky Blue",57804,60999,5,"EGP
57,804
60,999
Lowest price in 7 days
Free Delivery
Selling out fast",https://www.noon.com/egypt-en/macbook-air-mc6u4-with-13-inch-display-m4-chip-10-core-cpu-10-core-gpu-16gb-ram-512gb-ssd-macos-english-arabic-sky-blue/N70154929V/p/?o=e3064c9b45c9c47d
Noon,"Lenovo IdeaPad 5 Laptop With 15.6-Inch Display, Core i5-1235U Processor/16GB RAM/512GB SSD/2GB NVIDIA GeForce MX550 Graphics Card/Windows 11 Home English/Arabic Storm Grey",27990,29400,5,"EGP
27,990
29,400
#11 in Notebook Laptops
Free Delivery",https://www.noon.com/egypt-en/ideapad-5-laptop-with-15-6-inch-display-core-i5-1235u-processor-16gb-ram-512gb-ssd-2gb-nvidia-geforce-mx550-graphics-card-windows-11-home-english-arabic-storm-grey/N70048443V/p/?o=b3aa78e1e41a164c
Noon,"ASUS VivoBook 16 Laptop X1607CA-UL005W, 16.0 inch WUXGA Display, Intel® Core™ Ultra 5 225H, 16GB RAM, 512GB SSD, Intel® UHD Graphics, Windows 11 Home, Silver English/Arabic Silver",31364,36999,15,"EGP
31,364
36,999
15% OFF
Lowest price in 30 days
Free Delivery",https://www.noon.com/egypt-en/asus-vivobook-16-laptop-x1607ca-ul005w-16-0-inch-wuxga-display-intel-core-ultra-5-225h-16gb-ram-512gb-ssd-intel-uhd-graphics-windows-11-home-silver-english-arabic-silver/N70275806V/p/?o=cd4ef99382d713cb
Noon,Apple MacBook Pro MDE04 | 14 Inch Display | Apple M5 Chip | 10-Core CPU And 10-Core GPU | 16GB RAM | 512GB SSD | macOS | English Keyboard | International Version | English Space Black,79301,84999,7,"EGP
79,301
84,999
Free Delivery
Selling out fast",https://www.noon.com/egypt-en/macbook-pro-mde04-14-inch-display-apple-m5-chip-10-core-cpu-and-10-core-gpu-16gb-ram-512gb-ssd-macos-english-keyboard-international-version-english-space-black/N70248386V/p/?o=f246100e3672558a
Noon,Apple MacBook Air MW0Y3 | 13 Inch Display | Apple M4 Chip | 10-Core CPU 8-Core GPU | 16GB RAM | 256GB SSD | macOS | English Keyboard | International Version | Starlight,45861,48999,6,"EGP
45,861
48,999
Lowest price in a year
Free Delivery",https://www.noon.com/egypt-en/macbook-air-mw0y3-13-inch-display-apple-m4-chip-10-core-cpu-8-core-gpu-16gb-ram-256gb-ssd-macos-english-keyboard-international-version-starlight/N70154911V/p/?o=d6a254726c96071e
Noon,"ASUS VivoBook 16 OLED Laptop X1605VA-OLED507W, 16.0 inch WUXGA Display, Intel Core i7-13620H, 16GB RAM, 512GB SSD, Intel® UHD Graphics, Windows 11 Home, Silver English/Arabic Silver",32495,36999,12,"EGP
32,495
36,999
Lowest price in 30 days
Free Delivery",https://www.noon.com/egypt-en/asus-vivobook-16-oled-laptop-x1605va-oled507w-16-0-inch-wuxga-display-intel-core-i7-13620h-16gb-ram-512gb-ssd-intel-uhd-graphics-windows-11-home-silver-english-arabic-silver/N70271213V/p/?o=f45cd0e04b33326f
Noon,Apple MacBook Air MRXP3 | 13 Inch Display | Apple M3 Chip | 8-Core CPU and 10-Core GPU | 8GB RAM | 512GB SSD | macOS | English Keyboard | International Version | Space Grey,48480,69999,31,"EGP
48,480
69,999
Lowest price in 30 days
Free Delivery",https://www.noon.com/egypt-en/macbook-air-mrxp3-13-inch-display-apple-m3-chip-8-core-cpu-and-10-core-gpu-8gb-ram-512gb-ssd-macos-english-keyboard-international-version-space-grey/N70051931V/p/?o=b484b65bbd19473d
Noon,"ASUS (Upgraded Version) ROG Strix 16 Gaming Laptop, 16"" WUXGA 165Hz Display, Intel Core Ultra 9 275HX, 32GB DDR5 RAM, 1TB PCIe 4.0 SSD, NVIDIA GeForce RTX 5070 8GB GDDR7 English/Arabic Black English/Arabic Black",N/A,N/A,N/A,"EGP
112,694
122,000
#28 in Notebook Laptops
Free Delivery",https://www.noon.com/egypt-en/upgraded-version-rog-strix-16-gaming-laptop-16-wuxga-165hz-display-intel-core-ultra-9-275hx-32gb-ddr5-ram-1tb-pcie-4-0-ssd-nvidia-geforce-rtx-5070-8gb-gddr7-english-arabic-black-english-arabic-black/N70218066V/p/?o=c2e3cb9029133d1a
Noon,asus Vivobook E1504FA-NJ001 -90NB0ZR3-M02800-R3 7320U-4GB LPDDR5 -256GB SSD-DOS15.6 FHD -AMD Radeon™ Graphics English/Arabic green grey,14466,N/A,N/A,"EGP
14,466
#27 in Notebook Laptops
Free Delivery",https://www.noon.com/egypt-en/asus-vivobook-e1504fa-nj001-90nb0zr3-m02800-r3-7320u-4gb-lpddr5-256gb-ssd-dos15-6-fhd-amd-radeon-graphics-english-arabic-green-grey/N70128534V/p/?o=d62673ea6f3a164a
Noon,"DELL Inspiron 3520 Laptop With 15.6 Inch Display,Core i3 1215U Processor/8GB DDR4 RAM/ 512GB SSD/Intel UHD Graphics/DOS(Without Windows) English/Arabic Black",19900,N/A,N/A,"EGP
19,900
#23 in Notebook Laptops
Free Delivery",https://www.noon.com/egypt-en/inspiron-3520-laptop-with-15-6-inch-display-core-i3-1215u-processor-8gb-ddr4-ram-512gb-ssd-intel-uhd-graphics-dos-without-windows-english-arabic-black/N70148825V/p/?o=cc77fd73c3248b0e
Noon,"ASUS (Upgraded Version) TUF A16 FA608PM Gaming Laptop With 16-Inch WUXGA IPS 165Hz Display, AMD Ryzen 9 8940HX Processor/16GB RAM/1TB SSD/8GB GeForce RTX 5060 Graphics Card/Windows 11 International Jaeger International English Jaeger Gray",65203,77999,16,"EGP
65,203
77,999
Lowest price in 30 days
Free Delivery",https://www.noon.com/egypt-en/upgraded-version-tuf-a16-fa608pm-gaming-laptop-with-16-inch-wuxga-ips-165hz-display-amd-ryzen-9-8940hx-processor-16gb-ram-1tb-ssd-8gb-geforce-rtx-5060-graphics-card-windows-11-international-jaeger-international-english-jaeger-gray/N70245773V/p/?o=b66816f9f17ba2cd
Noon,Asus Vivobook K3605ZF-RP005W i5-12500H – 8GB RAM DDR4 – SSD 512GB – RTX2050-4GB – 16 Inch 144Hz – Win11 English/Arabic Indie Black,30982,34999,11,"EGP
30,982
34,999
Free Delivery
Free Delivery",https://www.noon.com/egypt-en/asus-vivobook-k3605zf-rp005w-i5-12500h-8gb-ram-ddr4-ssd-512gb-rtx2050-4gb-16-inch-144hz-win11-english-arabic-indie-black/N70137005V/p/?o=bfc9631f9ccb11ab
Noon,"DELL 2024 Inspiron 3530 Think & Light (Upgraded Version) Laptop With 15.6-Inch Full HD (1920x1080) Display,Core i5-1334U Processor/8GB RAM DDR4/512GB SSD/Intel UHD Graphics/Windows 11 English/Arabic Crabon Black",25600,N/A,N/A,"EGP
25,600
Free Delivery
Free Delivery",https://www.noon.com/egypt-en/2024-inspiron-3530-think-light-upgraded-version-laptop-with-15-6-inch-full-hd-1920x1080-display-core-i5-1334u-processor-8gb-ram-ddr4-512gb-ssd-intel-uhd-graphics-windows-11-english-arabic-crabon-black/N70153738V/p/?o=cafb0cff00a8b9ea
Noon,Apple MacBook Air MC7A4 | 15 Inch Display | Apple M4 Chip | 10-Core CPU 10-Core GPU | 16GB RAM | 256GB SSD | macOS | English Keyboard | Sky Blue,58281,61499,5,"EGP
58,281
61,499
5% OFF
Lowest price in a year
Free Delivery",https://www.noon.com/egypt-en/macbook-air-mc7a4-15-inch-display-apple-m4-chip-10-core-cpu-10-core-gpu-16gb-ram-256gb-ssd-macos-english-keyboard-sky-blue/N70154958V/p/?o=a41e9c0cc2683f3e
Noon,"HP (Upgraded Version) Envy x360 Convertible 2-In-1 Laptop With 15.6-Inch FHD IPS Display, Core i5-1335U Processer/8GB RAM/512GB SSD/Intel XE Graphics/Windows 11/ English Mineral Silver English Mineral Silver",29468,37999,22,"EGP
29,468
37,999
Lowest price in a year
Free Delivery",https://www.noon.com/egypt-en/upgraded-version-envy-x360-convertible-2-in-1-laptop-with-15-6-inch-fhd-ips-display-core-i5-1335u-processer-8gb-ram-512gb-ssd-intel-xe-graphics-windows-11-english-mineral-silver-english-mineral-silver/N70158196V/p/?o=e44bdacfd4eaaa2f
Noon,Apple MacBook Air MC8G4 | 13 Inch Display | Apple M3 Chip | 8-Core CPU 8-Core GPU | 16GB RAM | 256GB SSD | macOS | English Keyboard | International Version | Space Grey,43727,69999,38,"EGP
43,727
69,999
Lowest price in a year
Free Delivery",https://www.noon.com/egypt-en/macbook-air-mc8g4-13-inch-display-apple-m3-chip-8-core-cpu-8-core-gpu-16gb-ram-256gb-ssd-macos-english-keyboard-international-version-space-grey/N70127771V/p/?o=e4a24dd8aa9971bc
Noon,"DELL Laptop With 15.6 Inch Full HD (1920X1080) Display 120Hz, Core i5 1334U Processor/8GB RAM DDR4/512GB SSD/DOS(Without Windows)/Intel UHD Graphics/ English/Arabic Carbon Black",23999,24999,4,"EGP
23,999
24,999
Free Delivery
Free Delivery",https://www.noon.com/egypt-en/laptop-with-15-6-inch-full-hd-1920x1080-display-120hz-core-i5-1334u-processor-8gb-ram-ddr4-512gb-ssd-dos-without-windows-intel-uhd-graphics-english-arabic-carbon-black/N70259047V/p/?o=f0c93f1109be743e
Noon,"Lenovo LOQ 15IRX10 Gaming Laptop, 15.6"" FHD IPS 144Hz Display, Intel Core i7-13700HX, 16GB RAM, 512GB SSD, GeForce RTX 5060 8GB GPU English Luna Grey",54804,64999,16,"EGP
54,804
64,999
Lowest price in 30 days
Free Delivery",https://www.noon.com/egypt-en/loq-15irx10-gaming-laptop-15-6-fhd-ips-144hz-display-intel-core-i7-13700hx-16gb-ram-512gb-ssd-geforce-rtx-5060-8gb-gpu-english-luna-grey/N70246487V/p/?o=d4b6dc3ef2be078d
Noon,Apple MacBook Air MC6T4 | 13 Inch Display | Apple M4 Chip | 10-Core CPU 8-Core GPU | 16GB RAM | 256GB SSD | macOS | English Keyboard | International Version | Sky Blue,45492,48258,6,"EGP
45,492
48,258
Lowest price in a year
Free Delivery",https://www.noon.com/egypt-en/macbook-air-mc6t4-13-inch-display-apple-m4-chip-10-core-cpu-8-core-gpu-16gb-ram-256gb-ssd-macos-english-keyboard-international-version-sky-blue/N70154913V/p/?o=d8c66638cbb451bc
Noon,"DELL (Upgraded Version) Vostro 3530 Laptop 15.6-Full HD 120Hz Display, Intel Core i5-1334U Processor, 8GB RAM/512GB SSD/Ubuntu/Intel UHD Graphics/ Carbon Carbon English Carbon Black",23111,23499,2,"EGP
23,111
23,499
#28 in Notebook Laptops
Free Delivery",https://www.noon.com/egypt-en/upgraded-version-vostro-3530-laptop-15-6-full-hd-120hz-display-intel-core-i5-1334u-processor-8gb-ram-512gb-ssd-ubuntu-intel-uhd-graphics-carbon-carbon-english-carbon-black/N70158480V/p/?o=cd88061915e6276f
Noon,ASUS FA401KM-RG014W ASUS TUF Gaming A14 Laptop with 14.2 inch 2.5K / AMD Ryzen™ AI 7 350 / 16 GB RAM / 1 Tera SSD / NVIDIA® GeForce RTX™ 5060 Laptop GPU / English/ Win11/Jaeger Gray with TUF backpack English Jaeger Gray,68194,83999,19,"EGP
68,194
83,999
Free Delivery
Free Delivery",https://www.noon.com/egypt-en/fa401km-rg014w-asus-tuf-gaming-a14-laptop-with-14-2-inch-2-5k-amd-ryzen-ai-7-350-16-gb-ram-1-tera-ssd-nvidia-geforce-rtx-5060-laptop-gpu-english-win11-jaeger-gray-with-tuf-backpack-english-jaeger-gray/N70247885V/p/?o=f7827063c6f9d43d
Noon,"HP (Upgraded Version) Victus 15-fa2013dx Gaming Laptop, 15.6"" FHD 144Hz Display, Intel Core i5-13420H, 8GB RAM, 512GB SSD, GeForce RTX 3050 6GB GPU, Keyboard, Windows 11 Home, English Mica Silver",30684,38999,21,"EGP
30,684
38,999
Free Delivery
Free Delivery",https://www.noon.com/egypt-en/upgraded-version-victus-15-fa2013dx-gaming-laptop-15-6-fhd-144hz-display-intel-core-i5-13420h-8gb-ram-512gb-ssd-geforce-rtx-3050-6gb-gpu-keyboard-windows-11-home-english-mica-silver/N70190800V/p/?o=eb1b31ed2e9a116c
Noon,"Lenovo (Upgraded Version) ThinkPad E16 Gen 3 Business Laptop, 16"" WUXGA Display, Intel Core Ultra 7 255H, 16GB DDR5 RAM, 512GB SSD, Intel Arc Graphics English Black English Black",47499,55499,14,"EGP
47,499
55,499
#25 in Notebook Laptops
Free Delivery",https://www.noon.com/egypt-en/upgraded-version-thinkpad-e16-gen-3-business-laptop-16-wuxga-display-intel-core-ultra-7-255h-16gb-ddr5-ram-512gb-ssd-intel-arc-graphics-english-black-english-black/N70218068V/p/?o=df6276c0f3fdbf9b
Noon,"Lenovo Laptop Gaming Lenovo LOQ 15IRX9, Intel Core i5‑13450HX, 16GB DDR5 RAM, 512GB SSD, RTX 3050 6GB, 15.6‑inch FHD 144Hz, DOS, Luna Grey (Arabic Keyboard) Luna Grey",38666,N/A,N/A,"EGP
38,666
Free Delivery
Free Delivery",https://www.noon.com/egypt-en/laptop-gaming-lenovo-loq-15irx9-intel-core-i5-13450hx-16gb-ddr5-ram-512gb-ssd-rtx-3050-6gb-15-6-inch-fhd-144hz-dos-luna-grey-arabic-keyboard-luna-grey/N70284019V/p/?o=e49bf96c8b94d37c
Noon,HP Victus 15-fa1034nia Laptop with 15.6 inch FHD / Intel Core i5-13420H / 8 GB RAM / 512 GB SSD / NVIDIA GeForce RTX 2050 4 GB / DOS / English Silver,32999,33499,1,"EGP
32,999
33,499
Free Delivery
Free Delivery",https://www.noon.com/egypt-en/hp-victus-15-fa1034nia-laptop-with-15-6-inch-fhd-intel-core-i5-13420h-8-gb-ram-512-gb-ssd-nvidia-geforce-rtx-2050-4-gb-dos-english-silver/N70253885V/p/?o=afd529b486ff781c
Noon,Lenovo LAPTOP Lenovo Ideapad Slim 3 15IRH10 Laptop Intel Core i7 13620H RAM 16GB DDR5 4800 HDD 512GB SSD M2 NVME Intel UHD Graphics 15.3” WUXGA Blue + Bag Mouse -2 YEAR WARRENTY 83K100QRED English/Arabic Cosmic Blue,30457,31999,5,"EGP
30,457
31,999
Lowest price in 7 days
Free Delivery",https://www.noon.com/egypt-en/laptop-lenovo-ideapad-slim-3-15irh10-laptop-intel-core-i7-13620h-ram-16gb-ddr5-4800-hdd-512gb-ssd-m2-nvme-intel-uhd-graphics-15-3-wuxga-blue-bag-mouse-2-year-warrenty-83k100qred-english-arabic-cosmic-blue/N70284119V/p/?o=f2c58142707f514f
Noon,"Lenovo Laptop Lenovo IdeaPad Slim 3 15IRH10, Intel Core i5‑13420H, 16GB DDR5 RAM, 512GB SSD, 15.3‑inch WUXGA, FreeDOS (with Bag + Mouse) blue",28676,N/A,N/A,"EGP
28,676
Free Delivery
Free Delivery",https://www.noon.com/egypt-en/laptop-lenovo-ideapad-slim-3-15irh10-intel-core-i5-13420h-16gb-ddr5-ram-512gb-ssd-15-3-inch-wuxga-freedos-with-bag-mouse-blue/N70284018V/p/?o=b80f54f97bd6bcba
Noon,Lenovo LAPTOP LENOVO Legion 5 15IAX10 CPU Ultra 7 255HX RAM 32 G 2x 16GB DDR5-5600 HDD 1TB SSD M.2 NVME VGA NVIDIA GeForce RTX 5070 8GB GDDR7 15.1 WQXGA (2560x1600) OLED 165Hz 2 YEARS WARRENTY 83F00080ED English/Arabic Eclipse Black,82404,93039,11,"EGP
82,404
93,039
Free Delivery
Free Delivery",https://www.noon.com/egypt-en/laptop-lenovo-legion-5-15iax10-cpu-ultra-7-255hx-ram-32-g-2x-16gb-ddr5-5600-hdd-1tb-ssd-m-2-nvme-vga-nvidia-geforce-rtx-5070-8gb-gddr7-15-1-wqxga-2560x1600-oled-165hz-2-years-warrenty-83f00080ed-english-arabic-eclipse-black/N70278871V/p/?o=e5bbef008c17cdbb
Noon,"MSI (Upgraded Version) Raider 18 HX AI A2XWJG Laptop With 18-Inch UHD+ Display, Core Ultra 9 285HX Processor/64GB RAM/2TB SSD/24GB NVIDIA Geforce RTX 5090 Graphics Card/Windows 11 Home Arabic black arabic black",N/A,N/A,N/A,"EGP
277,777
Free Delivery
Free Delivery",https://www.noon.com/egypt-en/upgraded-version-raider-18-hx-ai-a2xwjg-laptop-with-18-inch-uhd-display-core-ultra-9-285hx-processor-64gb-ram-2tb-ssd-24gb-nvidia-geforce-rtx-5090-graphics-card-windows-11-home-arabic-black-arabic-black/N70165465V/p/?o=b931601f304a2e2b
Noon,Apple MacBook Air MC6L4 | 15 Inch Display | Apple M4 Chip | 10-Core CPU 10-Core GPU | 24GB RAM | 512GB SSD | macOS | English Keyboard | International Version | Midnight,82499,89999,8,"EGP
82,499
89,999
Lowest price in 7 days
Free Delivery",https://www.noon.com/egypt-en/macbook-air-mc6l4-15-inch-display-apple-m4-chip-10-core-cpu-10-core-gpu-24gb-ram-512gb-ssd-macos-english-keyboard-international-version-midnight/N70159450V/p/?o=b9a5c1e4e682716f
Noon,"Msi Katana A15 AI B8VF Gaming Laptop AMD Ryzen 9 8945HS 512GB NVMe PCIe SSD 16GB DDR5 Ram Nvidia GeForce RTX 4060 8GB 15.6"" FHD (1920x1080), 144Hz, IPS-Level DOS - Black black",54256,60000,10,"EGP
54,256
60,000
Lowest price in 7 days
Free Delivery",https://www.noon.com/egypt-en/msi-katana-a15-ai-b8vf-gaming-laptop-amd-ryzen-9-8945hs-512gb-nvme-pcie-ssd-16gb-ddr5-ram-nvidia-geforce-rtx-4060-8gb-15-6-fhd-1920x1080-144hz-ips-level-dos-black-black/N70284030V/p/?o=eb1fc943110b462f
Noon,"Msi Katana 15 HX 14XWGK Gaming Laptop Intel Core I9-14900HX 1TB SSD 16GB DDR5 Ram Nvidia GeForce RTX 5070 8GB 15.6"" QHD (2560*1440), 165Hz DCI-P3 100% typical Windows 11 - Black black",79499,84999,6,"EGP
79,499
84,999
Free Delivery
Free Delivery",https://www.noon.com/egypt-en/msi-katana-15-hx-14xwgk-gaming-laptop-intel-core-i9-14900hx-1tb-ssd-16gb-ddr5-ram-nvidia-geforce-rtx-5070-8gb-15-6-qhd-2560-1440-165hz-dci-p3-100-typical-windows-11-black-black/N70284029V/p/?o=f9038aa1176195af
Noon,"HP OmniBook 3 AI Laptop 15.6"" Ryzen AI 5 / 16GB / 512GB SSD / Radeon 840M / Win11 Glacier Silver",36666,N/A,N/A,"EGP
36,666
Free Delivery
Free Delivery",https://www.noon.com/egypt-en/hp-omnibook-3-ai-laptop-15-6-ryzen-ai-5-16gb-512gb-ssd-radeon-840m-win11-glacier-silver/N70246387V/p/?o=bfc644d5a8c9086e
Noon,"Msi Vector 17 HX AI A2XWJG Gaming Laptop Intel Core Ultra 9 275HX 1TB SSD 32GB DDR5 RAM Nvidia GeForce RTX 5090 24GB GDDR7 17” QHD+ (2560x1600), 240Hz, IPS-Level Windows 11 - Cosmos Gray Cosmos Gray",N/A,N/A,N/A,"EGP
179,999
185,000
Free Delivery
Free Delivery",https://www.noon.com/egypt-en/msi-vector-17-hx-ai-a2xwjg-gaming-laptop-intel-core-ultra-9-275hx-1tb-ssd-32gb-ddr5-ram-nvidia-geforce-rtx-5090-24gb-gddr7-17-qhd-2560x1600-240hz-ips-level-windows-11-cosmos-gray-cosmos-gray/N70284077V/p/?o=f454f911c91689aa
Noon,"Lenovo LOQ 15IRX9 Laptop With 15.6-Inch Display, Core i5-13450HX Processor/16GB RAM/512GB SSD/6GB GeForce RTX 3050 Graphics/DOS(Without Windows)/ English/Arabic Luna Grey",37801,39999,5,"EGP
37,801
39,999
Free Delivery
Selling out fast
Free Delivery",https://www.noon.com/egypt-en/loq-15irx9-laptop-with-15-6-inch-display-core-i5-13450hx-processor-16gb-ram-512gb-ssd-6gb-geforce-rtx-3050-graphics-dos-without-windows-english-arabic-luna-grey/N70104774V/p/?o=adb6a865bccf672a
Noon,"DELL Vostro 3520 Laptop - 12th Intel Core i5-1235U , 4GB RAM, 256GB SSD, Intel UHD Graphics, 15.6"" FHD (1920 x 1080) 120Hz 250 nits Anti-Glare, Ubuntu - English Carbon Black",19962,20999,5,"EGP
19,962
20,999
#32 in Notebook Laptops
Lowest price in 30 days
Free Delivery",https://www.noon.com/egypt-en/vostro-3520-laptop-12th-intel-core-i5-1235u-4gb-ram-256gb-ssd-intel-uhd-graphics-15-6-fhd-1920-x-1080-120hz-250-nits-anti-glare-ubuntu-english-carbon-black/N70071113V/p/?o=e7e9bad4379b664b
Noon,Apple MacBook Air MC7A4 | 15 Inch Display | M4 Chip 10-Core CPU 10-Core GPU | 16GB RAM | 256GB SSD | macOS | English And Arabic Keyboard | English/Arabic Sky Blue,54804,62550,12,"EGP
54,804
62,550
Lowest price in a year
Free Delivery
Lowest price in a year",https://www.noon.com/egypt-en/macbook-air-mc7a4-15-inch-display-m4-chip-10-core-cpu-10-core-gpu-16gb-ram-256gb-ssd-macos-english-and-arabic-keyboard-english-arabic-sky-blue/N70154961V/p/?o=d2ff8b1d84831f4c
Noon,Apple MacBook Air MC8K4 | 13 Inch Display | Apple M3 Chip | 8-Core CPU 8-Core GPU | 16GB RAM | 256GB SSD | macOS | English Keyboard | International Version | Midnight,43727,69999,38,"EGP
43,727
69,999
#29 in Notebook Laptops
Lowest price in a year
Free Delivery",https://www.noon.com/egypt-en/macbook-air-mc8k4-13-inch-display-apple-m3-chip-8-core-cpu-8-core-gpu-16gb-ram-256gb-ssd-macos-english-keyboard-international-version-midnight/N70127769V/p/?o=df7735861d743d2d
Noon,ASUS FX607VJ-RL805W ASUS TUF Gaming F16 Laptop with 16 inch FHD / Core™ 5 Processor 210H / 8 GB RAM / 512 GB SSD / NVIDIA® GeForce RTX™ 3050 Laptop GPU / English/ Win11/Mecha Gray English Mecha Gray,36222,41999,14,"EGP
36,222
41,999
Lowest price in 30 days
Free Delivery
Lowest price in 30 days",https://www.noon.com/egypt-en/fx607vj-rl805w-asus-tuf-gaming-f16-laptop-with-16-inch-fhd-core-5-processor-210h-8-gb-ram-512-gb-ssd-nvidia-geforce-rtx-3050-laptop-gpu-english-win11-mecha-gray-english-mecha-gray/N70247918V/p/?o=c75362df8905ba1f
Noon,"Lenovo (Upgraded Version) ThinkPad E14 Gen 7 Business Laptop, 14"" WUXGA Display, Intel Core Ultra 7 255H, 16GB DDR5 RAM, 512GB SSD, Intel Arc 140T GPU English/Arabic Black English/Arabic Black",45801,50550,9,"EGP
45,801
50,550
#26 in Notebook Laptops
Lowest price in a year
Free Delivery",https://www.noon.com/egypt-en/upgraded-version-thinkpad-e14-gen-7-business-laptop-14-wuxga-display-intel-core-ultra-7-255h-16gb-ddr5-ram-512gb-ssd-intel-arc-140t-gpu-english-arabic-black-english-arabic-black/N70218070V/p/?o=ee6daad5a99e17ee
Noon,"Lenovo LOQ Gaming Laptop With 15.6 Inch Full HD (1920x1080) IPS Display, Core i5-12450HX Processor/16GB DDR5 RAM/512GB SSD/4GB Nvidia GeForce RTX 2050 Graphics/DOS(Without Windows)/ English/Arabic Grey",28198,29289,4,"EGP
28,198
29,289
Free Delivery
Free Delivery",https://www.noon.com/egypt-en/loq-gaming-laptop-with-15-6-inch-full-hd-1920x1080-ips-display-core-i5-12450hx-processor-16gb-ddr5-ram-512gb-ssd-4gb-nvidia-geforce-rtx-2050-graphics-dos-without-windows-english-arabic-grey/N70148823V/p/?o=caaa680fb6a8d82a
Noon,"Lenovo IDEAPAD 5 2 IN 1 -83DT008YED-Intel Core 7 150U -16GB Soldered LPDDR5x 5200-512GB SSD M.2-Integrated Intel Graphics- Windows 11 Home-14"" WUXGA English/Arabic Luna Grey",42999,N/A,N/A,"EGP
42,999
Free Delivery
Free Delivery",https://www.noon.com/egypt-en/ideapad-5-2-in-1-83dt008yed-intel-core-7-150u-16gb-soldered-lpddr5x-5200-512gb-ssd-m-2-integrated-intel-graphics-windows-11-home-14-wuxga-english-arabic-luna-grey/N70179781V/p/?o=ad9887467c723bbc
Noon,"ASUS TUF GAMING FA506NCR-HN007W R7 7435HS, 8GB RAM, 512GB SSD, NVIDIA RTX 3050, 15.6 INCH FHD, WIN 11, Jaeger Gray English/Arabic Graphite Black",36439,36779,1,"EGP
36,439
36,779
Lowest price in 30 days
Free Delivery
Lowest price in 30 days",https://www.noon.com/egypt-en/asus-tuf-gaming-fa506ncr-hn007w-r7-7435hs-8gb-ram-512gb-ssd-nvidia-rtx-3050-15-6-inch-fhd-win-11-jaeger-gray-english-arabic-graphite-black/N70108922V/p/?o=ed30c180715feeae
Noon,Apple MacBook Pro MW2U3 | 14.2 Inch Display | Apple M4 Chip | 10-Core CPU 10-Core GPU | 16GB RAM | 512GB SSD | macOS | English Keyboard | English Space Black,75958,82499,8,"EGP
75,958
82,499
Lowest price in 7 days
Free Delivery
Lowest price in 7 days",https://www.noon.com/egypt-en/macbook-pro-mw2u3-14-2-inch-display-apple-m4-chip-10-core-cpu-10-core-gpu-16gb-ram-512gb-ssd-macos-english-keyboard-english-space-black/N70125915V/p/?o=a17af512dfac8e0f
Noon,Apple MacBook Air MC6U4 | 13 Inch Display | Apple M4 Chip | 10-Core CPU 10-Core GPU | 16GB RAM | 512GB SSD | macOS | English Keyboard | International Version | Sky Blue,57326,60499,5,"EGP
57,326
60,499
Lowest price in 30 days
Free Delivery
Lowest price in 30 days",https://www.noon.com/egypt-en/macbook-air-mc6u4-13-inch-display-apple-m4-chip-10-core-cpu-10-core-gpu-16gb-ram-512gb-ssd-macos-english-keyboard-international-version-sky-blue/N70154916V/p/?o=f4404ac9bebb262e
